GEOID,month_year_start,filings,filing_rate,diff_new,diff_old
39035101101,02/2024,44,0.0485115766262404,0.857142857142857,0.72289156626506
39035101102,02/2024,32,0.0187683284457478,0.767441860465116,0.334177215189873
39035101201,02/2024,18,0.0133136094674556,0.844444444444445,0.336283185840708
39035101300,02/2024,31,0.0369487485101311,1.06666666666667,0.677248677248677
39035101400,02/2024,30,0.0581395348837209,0.885714285714286,0.541484716157205
39035101501,02/2024,41,0.0711805555555556,1.07692307692308,0.615384615384615
39035101603,02/2024,30,0.048,0.765432098765432,0.457564575645757
39035101700,02/2024,82,0.0717410323709536,0.994011976047904,0.732891832229581
39035101800,02/2024,32,0.0446927374301676,0.702127659574468,0.434210526315789
39035101901,02/2024,16,0.0512820512820513,0.85,0.47887323943662
39035102101,02/2024,44,0.0619718309859155,0.656934306569343,0.55045871559633
39035102102,02/2024,42,0.0670926517571885,0.747826086956522,0.639405204460967
39035102200,02/2024,24,0.0413793103448276,0.694444444444445,0.495049504950495
39035102300,02/2024,26,0.0448275862068966,0.84375,0.519230769230769
39035102401,02/2024,30,0.0681818181818182,0.898550724637681,0.613861386138614
39035102402,02/2024,42,0.0590717299578059,0.924731182795699,0.547770700636943
39035102700,02/2024,54,0.0528375733855186,0.763888888888889,0.480349344978166
39035102800,02/2024,29,0.0644444444444445,1.22448979591837,0.597014925373134
39035102900,02/2024,27,0.0723860589812333,0.811594202898551,0.636363636363636
39035103300,02/2024,14,0.011119936457506,0.566037735849057,0.14018691588785
39035103500,02/2024,9,0.0227272727272727,0.625,0.412371134020619
39035103602,02/2024,20,0.0132538104705103,1,0.376681614349776
39035103800,02/2024,14,0.0484429065743945,0.666666666666667,0.394736842105263
39035104400,02/2024,6,0.0165289256198347,0.823529411764706,0.233333333333333
39035104800,02/2024,27,0.0551020408163265,1.14285714285714,0.811594202898551
39035105100,02/2024,49,0.0510948905109489,0.699300699300699,0.563380281690141
39035105300,02/2024,46,0.0678466076696165,1.02173913043478,0.688644688644689
39035105400,02/2024,60,0.0669642857142857,1.06086956521739,0.622448979591837
39035105500,02/2024,42,0.061046511627907,1.04878048780488,0.589041095890411
39035105602,02/2024,35,0.053680981595092,0.935064935064935,0.404494382022472
39035105700,02/2024,39,0.0280373831775701,0.747663551401869,0.335429769392034
39035105900,02/2024,28,0.0629213483146067,0.966666666666667,1.01754385964912
39035106100,02/2024,16,0.0305927342256214,0.548387096774194,0.635514018691589
39035106200,02/2024,21,0.0288858321870702,0.846153846153846,0.67175572519084
39035106500,02/2024,12,0.0288461538461538,0.962962962962963,0.525252525252525
39035106600,02/2024,25,0.0424448217317487,0.981132075471698,0.536082474226804
39035106800,02/2024,34,0.0408163265306122,0.813953488372093,0.512820512820513
39035106900,02/2024,91,0.1015625,0.884615384615385,1.48387096774194
39035107000,02/2024,3,0.0265486725663717,1,0.941176470588235
39035107101,02/2024,37,0.0262597586941093,0.95,1.72727272727273
39035107701,02/2024,170,0.0743657042869641,1.0926517571885,1.7720207253886
39035107802,02/2024,126,0.0669500531349628,1.17592592592593,0.978805394990366
39035108201,02/2024,55,0.0705128205128205,1.00900900900901,1.67164179104478
39035108301,02/2024,57,0.100884955752212,0.822695035460993,1.91735537190083
39035108400,02/2024,18,0.0524781341107872,1.31034482758621,0.883720930232558
39035108701,02/2024,31,0.0208053691275168,0.927536231884058,0.213333333333333
39035109301,02/2024,36,0.0408626560726447,1.45098039215686,1.59139784946237
39035109701,02/2024,46,0.073482428115016,1.20512820512821,0.890995260663507
39035109801,02/2024,3,0.0030241935483871,1.14285714285714,0.0323232323232323
39035110901,02/2024,64,0.0965309200603318,1,0.962962962962963
39035111202,02/2024,18,0.0482573726541555,0.730769230769231,0.672566371681416
39035111401,02/2024,22,0.0609418282548477,0.958333333333333,0.681481481481482
39035111700,02/2024,16,0.0466472303206997,0.772727272727273,0.45945945945946
39035112100,02/2024,14,0.0224,0.833333333333333,0.441176470588235
39035112200,02/2024,19,0.089622641509434,0.975609756097561,0.8
39035112301,02/2024,10,0.0165837479270315,0.846153846153846,0.232804232804233
39035114501,02/2024,21,0.157894736842105,1.15789473684211,0.846153846153846
39035114600,02/2024,21,0.051980198019802,0.977777777777778,0.752136752136752
39035114800,02/2024,29,0.0367088607594937,0.967741935483871,0.515021459227468
39035115400,02/2024,53,0.100189035916824,1.10204081632653,0.644776119402985
39035115700,02/2024,30,0.0728155339805825,1.06896551724138,0.911764705882353
39035115800,02/2024,53,0.0719131614654003,0.939130434782609,0.683544303797468
39035115900,02/2024,57,0.130733944954128,0.805555555555556,0.646239554317549
39035116300,02/2024,21,0.0440251572327044,0.771929824561403,0.624113475177305
39035116400,02/2024,57,0.126106194690266,1.02654867256637,0.909803921568627
39035116500,02/2024,36,0.0431654676258993,1.02777777777778,0.770833333333333
39035116600,02/2024,53,0.107505070993915,0.990825688073395,0.864
39035116700,02/2024,29,0.0714285714285714,1.15384615384615,0.952380952380952
39035116800,02/2024,46,0.0701219512195122,0.854545454545455,0.596825396825397
39035116900,02/2024,26,0.0700808625336927,0.830769230769231,0.603351955307263
39035117101,02/2024,69,0.0977337110481587,1.08527131782946,0.897435897435897
39035117102,02/2024,18,0.0849056603773585,0.863636363636364,0.571428571428571
39035117201,02/2024,84,0.0497630331753555,1.14093959731544,0.988372093023256
39035117203,02/2024,41,0.0848861283643892,0.91304347826087,0.567567567567568
39035117300,02/2024,25,0.05175983436853,0.658227848101266,0.456140350877193
39035117400,02/2024,28,0.0750670241286863,1.03571428571429,0.716049382716049
39035117500,02/2024,74,0.0749746707193516,0.9375,0.665188470066519
39035117600,02/2024,70,0.0770925110132159,1.11811023622047,1.16872427983539
39035117700,02/2024,80,0.0531914893617021,0.9,1.00934579439252
39035117800,02/2024,36,0.0593080724876442,0.86046511627907,0.582677165354331
39035117900,02/2024,62,0.0907759882869693,1.07692307692308,1.18867924528302
39035118101,02/2024,15,0.036319612590799,0.8,0.387878787878788
39035118200,02/2024,19,0.0475,0.869565217391304,0.470588235294118
39035118301,02/2024,27,0.0564853556485356,1.12,0.466666666666667
39035118602,02/2024,27,0.0285110876451954,0.918032786885246,0.311111111111111
39035118800,02/2024,7,0.00523952095808383,0.888888888888889,1.06666666666667
39035118900,02/2024,3,0.00583657587548638,0.5,0.175824175824176
39035119401,02/2024,19,0.0228091236494598,1.14285714285714,0.776699029126214
39035119402,02/2024,42,0.0905172413793103,1.32307692307692,0.702040816326531
39035119501,02/2024,75,0.077720207253886,1.10144927536232,0.746928746928747
39035119502,02/2024,56,0.0573183213920164,0.76510067114094,1.07547169811321
39035119600,02/2024,29,0.0556621880998081,0.705882352941177,0.540540540540541
39035119701,02/2024,23,0.0437262357414449,0.716417910447761,0.551724137931035
39035119702,02/2024,46,0.11031175059952,1,0.813852813852814
39035119800,02/2024,65,0.111492281303602,1.1,0.747875354107649
39035119900,02/2024,72,0.122448979591837,0.853801169590643,0.806629834254144
39035120200,02/2024,27,0.0690537084398977,0.982456140350877,0.583333333333333
39035120400,02/2024,26,0.0645161290322581,0.9,0.45
39035120500,02/2024,27,0.076271186440678,0.811594202898551,0.674698795180723
39035120600,02/2024,39,0.0698924731182796,0.952380952380952,0.677966101694915
39035120701,02/2024,21,0.0517241379310345,0.814814814814815,0.49438202247191
39035120702,02/2024,32,0.123552123552124,1.32,0.904109589041096
39035120801,02/2024,43,0.0716666666666667,0.871287128712871,0.748936170212766
39035120802,02/2024,51,0.113839285714286,0.888888888888889,0.759124087591241
39035121100,02/2024,28,0.0716112531969309,0.878787878787879,0.690476190476191
39035121200,02/2024,30,0.2,0.911764705882353,0.779874213836478
39035121300,02/2024,26,0.05,0.947368421052632,0.701298701298701
39035121401,02/2024,31,0.0786802030456853,0.810126582278481,0.836601307189543
39035121403,02/2024,31,0.0668103448275862,0.8,0.656410256410256
39035121500,02/2024,35,0.0974930362116992,0.947368421052632,0.712871287128713
39035121700,02/2024,21,0.035175879396984903,0.594594594594595,0.539877300613497
39035121800,02/2024,19,0.0678571428571429,0.754716981132076,0.898876404494382
39035121900,02/2024,23,0.102678571428571,0.96,1.05494505494506
39035122100,02/2024,32,0.111498257839721,1.03125,1.04761904761905
39035122200,02/2024,39,0.105121293800539,1.0126582278481,1.36752136752137
39035122300,02/2024,22,0.0611111111111111,0.821428571428571,1.06976744186047
39035123100,02/2024,5,0.0198412698412698,1,0.923076923076923
39035123200,02/2024,17,0.0674603174603175,1.28571428571429,1.46938775510204
39035123400,02/2024,2,0.00293685756240822,0.461538461538462,0.24
39035123501,02/2024,35,0.0474254742547426,1.10769230769231,0.59016393442623
39035123502,02/2024,72,0.0821917808219178,1.04285714285714,1.04659498207885
39035123601,02/2024,9,0.0343511450381679,1.11111111111111,0.816326530612245
39035123602,02/2024,6,0.00964630225080386,0.7,0.571428571428571
39035123603,02/2024,6,0.0106007067137809,0.875,0.378378378378378
39035123700,02/2024,4,0.0168067226890756,1.42857142857143,0.540540540540541
39035123800,02/2024,24,0.041025641025641,1.31578947368421,0.537634408602151
39035123900,02/2024,34,0.0573355817875211,0.985915492957746,0.933333333333333
39035124100,02/2024,44,0.052757793764988,0.9,0.638297872340426
39035124201,02/2024,15,0.0449101796407186,0.914285714285714,0.627450980392157
39035124202,02/2024,9,0.0324909747292419,0.869565217391304,0.615384615384615
39035124300,02/2024,27,0.0394160583941606,0.691358024691358,0.538461538461538
39035124500,02/2024,15,0.03125,0.8,0.470588235294118
39035124600,02/2024,53,0.0682110682110682,1.02857142857143,0.73469387755102
39035126100,02/2024,205,0.259165613147914,1.05912596401028,2.91166077738516
39035127501,02/2024,45,0.0898203592814371,0.876190476190476,0.71042471042471
39035192800,02/2024,4,0.0233918128654971,1.25,0.909090909090909
39035196400,02/2024,17,0.0217391304347826,0.705882352941177,0.251748251748252
39035196800,02/2024,9,0.0129124820659971,0.606060606060606,0.930232558139535
39035197200,02/2024,43,0.0646616541353384,1.03529411764706,0.902564102564103
39035197400,02/2024,64,0.0787207872078721,0.807453416149068,0.734463276836158
39035197500,02/2024,33,0.0250379362670713,0.85,0.566666666666667
39035197600,02/2024,43,0.0572569906790945,0.666666666666667,0.526946107784431
39035197700,02/2024,20,0.0253807106598985,1.16666666666667,0.509090909090909
39035197800,02/2024,19,0.0133426966292135,1.29032258064516,0.701754385964912
39035197900,02/2024,29,0.0568627450980392,1,0.648648648648649
39035198000,02/2024,34,0.0740740740740741,0.843373493975904,0.471380471380471
39035198100,02/2024,41,0.0710571923743501,1.03703703703704,0.489795918367347
39035198400,02/2024,13,0.013360739979445,0.8,0.16969696969697
39035198500,02/2024,19,0.0562130177514793,0.952380952380952,0.487804878048781
39035198600,02/2024,73,0.0418818129661503,1.184,0.463949843260188
39035198700,02/2024,33,0.0672097759674134,0.906666666666667,0.804733727810651
39035198800,02/2024,43,0.0586630286493861,1.06024096385542,0.684824902723736
39035198900,02/2024,36,0.0598006644518272,0.91358024691358,0.567049808429119
39035199000,02/2024,8,0.020671834625323,0.6,0.339622641509434
39035199100,02/2024,22,0.0427184466019417,0.754098360655738,0.560975609756098
39035199200,02/2024,20,0.0492610837438424,0.626865671641791,0.549019607843137
39035980100,02/2024,1,Inf,1,0.470588235294118
39035980200,02/2024,0,NA,1,0.571428571428571
39035980500,02/2024,0,NA,1,0.8
39035980900,02/2024,6,Inf,1.07692307692308,7
