type,GEOID,racial_majority,month,filings_2020,filings_avg,last_updated
Census Tract,12001000200,White,01/2020,2,3.33333333333333,2022-01-22
Census Tract,12001000200,White,02/2020,4,3,2022-01-22
Census Tract,12001000200,White,03/2020,0,2,2022-01-22
Census Tract,12001000200,White,04/2020,0,0.333333333333333,2022-01-22
Census Tract,12001000200,White,05/2020,1,3.33333333333333,2022-01-22
Census Tract,12001000200,White,06/2020,0,3.66666666666667,2022-01-22
Census Tract,12001000200,White,07/2020,0,2.33333333333333,2022-01-22
Census Tract,12001000200,White,08/2020,3,2.66666666666667,2022-01-22
Census Tract,12001000200,White,09/2020,2,1.66666666666667,2022-01-22
Census Tract,12001000200,White,10/2020,3,3,2022-01-22
Census Tract,12001000200,White,11/2020,3,1.33333333333333,2022-01-22
Census Tract,12001000200,White,12/2020,2,3,2022-01-22
Census Tract,12001000200,White,01/2021,3,3.33333333333333,2022-01-22
Census Tract,12001000200,White,02/2021,2,3,2022-01-22
Census Tract,12001000200,White,03/2021,4,2,2022-01-22
Census Tract,12001000200,White,04/2021,3,0.333333333333333,2022-01-22
Census Tract,12001000200,White,05/2021,0,3.33333333333333,2022-01-22
Census Tract,12001000200,White,06/2021,3,3.66666666666667,2022-01-22
Census Tract,12001000200,White,07/2021,3,2.33333333333333,2022-01-22
Census Tract,12001000200,White,08/2021,4,2.66666666666667,2022-01-22
Census Tract,12001000200,White,09/2021,11,1.66666666666667,2022-01-22
Census Tract,12001000200,White,10/2021,4,3,2022-01-22
Census Tract,12001000200,White,11/2021,1,1.33333333333333,2022-01-22
Census Tract,12001000200,White,12/2021,3,3,2022-01-22
Census Tract,12001000200,White,01/2022,1,2.66666666666667,2022-01-22
Census Tract,12001000301,Other,01/2020,4,3.33333333333333,2022-01-22
Census Tract,12001000301,Other,02/2020,1,1,2022-01-22
Census Tract,12001000301,Other,03/2020,0,1.66666666666667,2022-01-22
Census Tract,12001000301,Other,04/2020,0,1.66666666666667,2022-01-22
Census Tract,12001000301,Other,05/2020,1,2.66666666666667,2022-01-22
Census Tract,12001000301,Other,06/2020,1,2.66666666666667,2022-01-22
Census Tract,12001000301,Other,07/2020,1,2.33333333333333,2022-01-22
Census Tract,12001000301,Other,08/2020,1,4.33333333333333,2022-01-22
Census Tract,12001000301,Other,09/2020,3,3,2022-01-22
Census Tract,12001000301,Other,10/2020,1,5.33333333333333,2022-01-22
Census Tract,12001000301,Other,11/2020,1,2,2022-01-22
Census Tract,12001000301,Other,12/2020,0,1.66666666666667,2022-01-22
Census Tract,12001000301,Other,01/2021,1,3.33333333333333,2022-01-22
Census Tract,12001000301,Other,02/2021,0,1,2022-01-22
Census Tract,12001000301,Other,03/2021,2,1.66666666666667,2022-01-22
Census Tract,12001000301,Other,04/2021,0,1.66666666666667,2022-01-22
Census Tract,12001000301,Other,05/2021,0,2.66666666666667,2022-01-22
Census Tract,12001000301,Other,06/2021,2,2.66666666666667,2022-01-22
Census Tract,12001000301,Other,07/2021,1,2.33333333333333,2022-01-22
Census Tract,12001000301,Other,08/2021,5,4.33333333333333,2022-01-22
Census Tract,12001000301,Other,09/2021,2,3,2022-01-22
Census Tract,12001000301,Other,10/2021,3,5.33333333333333,2022-01-22
Census Tract,12001000301,Other,11/2021,2,2,2022-01-22
Census Tract,12001000301,Other,12/2021,2,1.66666666666667,2022-01-22
Census Tract,12001000301,Other,01/2022,2,1.33333333333333,2022-01-22
Census Tract,12001000302,White,01/2020,2,3,2022-01-22
Census Tract,12001000302,White,02/2020,2,1.33333333333333,2022-01-22
Census Tract,12001000302,White,03/2020,0,2.33333333333333,2022-01-22
Census Tract,12001000302,White,04/2020,0,0.666666666666667,2022-01-22
Census Tract,12001000302,White,05/2020,1,1.66666666666667,2022-01-22
Census Tract,12001000302,White,06/2020,0,1,2022-01-22
Census Tract,12001000302,White,07/2020,0,1,2022-01-22
Census Tract,12001000302,White,08/2020,2,2,2022-01-22
Census Tract,12001000302,White,09/2020,5,1.33333333333333,2022-01-22
Census Tract,12001000302,White,10/2020,3,0.666666666666667,2022-01-22
Census Tract,12001000302,White,11/2020,5,2,2022-01-22
Census Tract,12001000302,White,12/2020,4,1,2022-01-22
Census Tract,12001000302,White,01/2021,3,3,2022-01-22
Census Tract,12001000302,White,02/2021,2,1.33333333333333,2022-01-22
Census Tract,12001000302,White,03/2021,3,2.33333333333333,2022-01-22
Census Tract,12001000302,White,04/2021,2,0.666666666666667,2022-01-22
Census Tract,12001000302,White,05/2021,1,1.66666666666667,2022-01-22
Census Tract,12001000302,White,06/2021,0,1,2022-01-22
Census Tract,12001000302,White,07/2021,2,1,2022-01-22
Census Tract,12001000302,White,08/2021,1,2,2022-01-22
Census Tract,12001000302,White,09/2021,2,1.33333333333333,2022-01-22
Census Tract,12001000302,White,10/2021,1,0.666666666666667,2022-01-22
Census Tract,12001000302,White,11/2021,2,2,2022-01-22
Census Tract,12001000302,White,12/2021,0,1,2022-01-22
Census Tract,12001000302,White,01/2022,1,0.666666666666667,2022-01-22
Census Tract,12001000400,Other,01/2020,1,6.33333333333333,2022-01-22
Census Tract,12001000400,Other,02/2020,2,3.66666666666667,2022-01-22
Census Tract,12001000400,Other,03/2020,1,2.66666666666667,2022-01-22
Census Tract,12001000400,Other,04/2020,0,0.666666666666667,2022-01-22
Census Tract,12001000400,Other,05/2020,1,3.66666666666667,2022-01-22
Census Tract,12001000400,Other,06/2020,2,4.66666666666667,2022-01-22
Census Tract,12001000400,Other,07/2020,2,8,2022-01-22
Census Tract,12001000400,Other,08/2020,5,3,2022-01-22
Census Tract,12001000400,Other,09/2020,1,4,2022-01-22
Census Tract,12001000400,Other,10/2020,2,3.66666666666667,2022-01-22
Census Tract,12001000400,Other,11/2020,3,1,2022-01-22
Census Tract,12001000400,Other,12/2020,2,1.66666666666667,2022-01-22
Census Tract,12001000400,Other,01/2021,2,6.33333333333333,2022-01-22
Census Tract,12001000400,Other,02/2021,3,3.66666666666667,2022-01-22
Census Tract,12001000400,Other,03/2021,3,2.66666666666667,2022-01-22
Census Tract,12001000400,Other,04/2021,3,0.666666666666667,2022-01-22
Census Tract,12001000400,Other,05/2021,1,3.66666666666667,2022-01-22
Census Tract,12001000400,Other,06/2021,2,4.66666666666667,2022-01-22
Census Tract,12001000400,Other,07/2021,3,8,2022-01-22
Census Tract,12001000400,Other,08/2021,3,3,2022-01-22
Census Tract,12001000400,Other,09/2021,0,4,2022-01-22
Census Tract,12001000400,Other,10/2021,1,3.66666666666667,2022-01-22
Census Tract,12001000400,Other,11/2021,3,1,2022-01-22
Census Tract,12001000400,Other,12/2021,0,1.66666666666667,2022-01-22
Census Tract,12001000400,Other,01/2022,2,4.66666666666667,2022-01-22
Census Tract,12001000500,White,01/2020,1,5,2022-01-22
Census Tract,12001000500,White,02/2020,2,1.66666666666667,2022-01-22
Census Tract,12001000500,White,03/2020,2,3.33333333333333,2022-01-22
Census Tract,12001000500,White,04/2020,0,2,2022-01-22
Census Tract,12001000500,White,05/2020,0,3,2022-01-22
Census Tract,12001000500,White,06/2020,0,3,2022-01-22
Census Tract,12001000500,White,07/2020,0,2.33333333333333,2022-01-22
Census Tract,12001000500,White,08/2020,1,4,2022-01-22
Census Tract,12001000500,White,09/2020,2,2.66666666666667,2022-01-22
Census Tract,12001000500,White,10/2020,1,2,2022-01-22
Census Tract,12001000500,White,11/2020,2,0.666666666666667,2022-01-22
Census Tract,12001000500,White,12/2020,1,0.666666666666667,2022-01-22
Census Tract,12001000500,White,01/2021,0,5,2022-01-22
Census Tract,12001000500,White,02/2021,1,1.66666666666667,2022-01-22
Census Tract,12001000500,White,03/2021,1,3.33333333333333,2022-01-22
Census Tract,12001000500,White,04/2021,4,2,2022-01-22
Census Tract,12001000500,White,05/2021,4,3,2022-01-22
Census Tract,12001000500,White,06/2021,2,3,2022-01-22
Census Tract,12001000500,White,07/2021,2,2.33333333333333,2022-01-22
Census Tract,12001000500,White,08/2021,1,4,2022-01-22
Census Tract,12001000500,White,09/2021,4,2.66666666666667,2022-01-22
Census Tract,12001000500,White,10/2021,3,2,2022-01-22
Census Tract,12001000500,White,11/2021,1,0.666666666666667,2022-01-22
Census Tract,12001000500,White,12/2021,2,0.666666666666667,2022-01-22
Census Tract,12001000500,White,01/2022,4,2.33333333333333,2022-01-22
Census Tract,12001000600,Black,01/2020,4,5.66666666666667,2022-01-22
Census Tract,12001000600,Black,02/2020,4,5,2022-01-22
Census Tract,12001000600,Black,03/2020,4,2.66666666666667,2022-01-22
Census Tract,12001000600,Black,04/2020,2,4.33333333333333,2022-01-22
Census Tract,12001000600,Black,05/2020,1,8.33333333333333,2022-01-22
Census Tract,12001000600,Black,06/2020,0,5.66666666666667,2022-01-22
Census Tract,12001000600,Black,07/2020,1,3.33333333333333,2022-01-22
Census Tract,12001000600,Black,08/2020,1,4.66666666666667,2022-01-22
Census Tract,12001000600,Black,09/2020,10,3,2022-01-22
Census Tract,12001000600,Black,10/2020,5,5.66666666666667,2022-01-22
Census Tract,12001000600,Black,11/2020,3,4.66666666666667,2022-01-22
Census Tract,12001000600,Black,12/2020,1,3,2022-01-22
Census Tract,12001000600,Black,01/2021,1,5.66666666666667,2022-01-22
Census Tract,12001000600,Black,02/2021,2,5,2022-01-22
Census Tract,12001000600,Black,03/2021,1,2.66666666666667,2022-01-22
Census Tract,12001000600,Black,04/2021,0,4.33333333333333,2022-01-22
Census Tract,12001000600,Black,05/2021,1,8.33333333333333,2022-01-22
Census Tract,12001000600,Black,06/2021,3,5.66666666666667,2022-01-22
Census Tract,12001000600,Black,07/2021,3,3.33333333333333,2022-01-22
Census Tract,12001000600,Black,08/2021,6,4.66666666666667,2022-01-22
Census Tract,12001000600,Black,09/2021,4,3,2022-01-22
Census Tract,12001000600,Black,10/2021,2,5.66666666666667,2022-01-22
Census Tract,12001000600,Black,11/2021,3,4.66666666666667,2022-01-22
Census Tract,12001000600,Black,12/2021,8,3,2022-01-22
Census Tract,12001000600,Black,01/2022,0,4.33333333333333,2022-01-22
Census Tract,12001000700,Black,01/2020,3,5.66666666666667,2022-01-22
Census Tract,12001000700,Black,02/2020,5,2.66666666666667,2022-01-22
Census Tract,12001000700,Black,03/2020,1,3.33333333333333,2022-01-22
Census Tract,12001000700,Black,04/2020,1,3.66666666666667,2022-01-22
Census Tract,12001000700,Black,05/2020,0,3.33333333333333,2022-01-22
Census Tract,12001000700,Black,06/2020,2,3.33333333333333,2022-01-22
Census Tract,12001000700,Black,07/2020,1,2,2022-01-22
Census Tract,12001000700,Black,08/2020,1,5.33333333333333,2022-01-22
Census Tract,12001000700,Black,09/2020,1,4.33333333333333,2022-01-22
Census Tract,12001000700,Black,10/2020,5,2.66666666666667,2022-01-22
Census Tract,12001000700,Black,11/2020,2,4.33333333333333,2022-01-22
Census Tract,12001000700,Black,12/2020,1,3.33333333333333,2022-01-22
Census Tract,12001000700,Black,01/2021,0,5.66666666666667,2022-01-22
Census Tract,12001000700,Black,02/2021,2,2.66666666666667,2022-01-22
Census Tract,12001000700,Black,03/2021,3,3.33333333333333,2022-01-22
Census Tract,12001000700,Black,04/2021,2,3.66666666666667,2022-01-22
Census Tract,12001000700,Black,05/2021,2,3.33333333333333,2022-01-22
Census Tract,12001000700,Black,06/2021,5,3.33333333333333,2022-01-22
Census Tract,12001000700,Black,07/2021,4,2,2022-01-22
Census Tract,12001000700,Black,08/2021,3,5.33333333333333,2022-01-22
Census Tract,12001000700,Black,09/2021,3,4.33333333333333,2022-01-22
Census Tract,12001000700,Black,10/2021,2,2.66666666666667,2022-01-22
Census Tract,12001000700,Black,11/2021,3,4.33333333333333,2022-01-22
Census Tract,12001000700,Black,12/2021,2,3.33333333333333,2022-01-22
Census Tract,12001000700,Black,01/2022,2,2.66666666666667,2022-01-22
Census Tract,12001000806,White,01/2020,3,1.33333333333333,2022-01-22
Census Tract,12001000806,White,02/2020,0,0.333333333333333,2022-01-22
Census Tract,12001000806,White,03/2020,4,1,2022-01-22
Census Tract,12001000806,White,04/2020,0,0.333333333333333,2022-01-22
Census Tract,12001000806,White,05/2020,0,2,2022-01-22
Census Tract,12001000806,White,06/2020,0,1.66666666666667,2022-01-22
Census Tract,12001000806,White,07/2020,0,2,2022-01-22
Census Tract,12001000806,White,08/2020,3,2.66666666666667,2022-01-22
Census Tract,12001000806,White,09/2020,0,0.666666666666667,2022-01-22
Census Tract,12001000806,White,10/2020,3,1.66666666666667,2022-01-22
Census Tract,12001000806,White,11/2020,2,2,2022-01-22
Census Tract,12001000806,White,12/2020,1,0,2022-01-22
Census Tract,12001000806,White,01/2021,4,1.33333333333333,2022-01-22
Census Tract,12001000806,White,02/2021,2,0.333333333333333,2022-01-22
Census Tract,12001000806,White,03/2021,3,1,2022-01-22
Census Tract,12001000806,White,04/2021,0,0.333333333333333,2022-01-22
Census Tract,12001000806,White,05/2021,1,2,2022-01-22
Census Tract,12001000806,White,06/2021,2,1.66666666666667,2022-01-22
Census Tract,12001000806,White,07/2021,2,2,2022-01-22
Census Tract,12001000806,White,08/2021,3,2.66666666666667,2022-01-22
Census Tract,12001000806,White,09/2021,3,0.666666666666667,2022-01-22
Census Tract,12001000806,White,10/2021,4,1.66666666666667,2022-01-22
Census Tract,12001000806,White,11/2021,3,2,2022-01-22
Census Tract,12001000806,White,12/2021,4,0,2022-01-22
Census Tract,12001000806,White,01/2022,5,1,2022-01-22
Census Tract,12001000808,Other,01/2020,5,7,2022-01-22
Census Tract,12001000808,Other,02/2020,6,5.33333333333333,2022-01-22
Census Tract,12001000808,Other,03/2020,8,3.33333333333333,2022-01-22
Census Tract,12001000808,Other,04/2020,0,5.66666666666667,2022-01-22
Census Tract,12001000808,Other,05/2020,0,6.33333333333333,2022-01-22
Census Tract,12001000808,Other,06/2020,0,3.66666666666667,2022-01-22
Census Tract,12001000808,Other,07/2020,0,5.66666666666667,2022-01-22
Census Tract,12001000808,Other,08/2020,1,7.66666666666667,2022-01-22
Census Tract,12001000808,Other,09/2020,6,6.33333333333333,2022-01-22
Census Tract,12001000808,Other,10/2020,14,10,2022-01-22
Census Tract,12001000808,Other,11/2020,14,9,2022-01-22
Census Tract,12001000808,Other,12/2020,8,4,2022-01-22
Census Tract,12001000808,Other,01/2021,8,7,2022-01-22
Census Tract,12001000808,Other,02/2021,10,5.33333333333333,2022-01-22
Census Tract,12001000808,Other,03/2021,8,3.33333333333333,2022-01-22
Census Tract,12001000808,Other,04/2021,5,5.66666666666667,2022-01-22
Census Tract,12001000808,Other,05/2021,2,6.33333333333333,2022-01-22
Census Tract,12001000808,Other,06/2021,7,3.66666666666667,2022-01-22
Census Tract,12001000808,Other,07/2021,9,5.66666666666667,2022-01-22
Census Tract,12001000808,Other,08/2021,14,7.66666666666667,2022-01-22
Census Tract,12001000808,Other,09/2021,19,6.33333333333333,2022-01-22
Census Tract,12001000808,Other,10/2021,13,10,2022-01-22
Census Tract,12001000808,Other,11/2021,8,9,2022-01-22
Census Tract,12001000808,Other,12/2021,5,4,2022-01-22
Census Tract,12001000808,Other,01/2022,9,3.66666666666667,2022-01-22
Census Tract,12001000809,White,01/2020,0,1,2022-01-22
Census Tract,12001000809,White,02/2020,0,1.66666666666667,2022-01-22
Census Tract,12001000809,White,03/2020,0,0.333333333333333,2022-01-22
Census Tract,12001000809,White,04/2020,0,0.333333333333333,2022-01-22
Census Tract,12001000809,White,05/2020,0,0.333333333333333,2022-01-22
Census Tract,12001000809,White,06/2020,0,0,2022-01-22
Census Tract,12001000809,White,07/2020,0,1.66666666666667,2022-01-22
Census Tract,12001000809,White,08/2020,0,0.333333333333333,2022-01-22
Census Tract,12001000809,White,09/2020,0,0.333333333333333,2022-01-22
Census Tract,12001000809,White,10/2020,0,0.333333333333333,2022-01-22
Census Tract,12001000809,White,11/2020,1,0.666666666666667,2022-01-22
Census Tract,12001000809,White,12/2020,0,0.333333333333333,2022-01-22
Census Tract,12001000809,White,01/2021,0,1,2022-01-22
Census Tract,12001000809,White,02/2021,2,1.66666666666667,2022-01-22
Census Tract,12001000809,White,03/2021,0,0.333333333333333,2022-01-22
Census Tract,12001000809,White,04/2021,0,0.333333333333333,2022-01-22
Census Tract,12001000809,White,05/2021,0,0.333333333333333,2022-01-22
Census Tract,12001000809,White,06/2021,0,0,2022-01-22
Census Tract,12001000809,White,07/2021,0,1.66666666666667,2022-01-22
Census Tract,12001000809,White,08/2021,0,0.333333333333333,2022-01-22
Census Tract,12001000809,White,09/2021,0,0.333333333333333,2022-01-22
Census Tract,12001000809,White,10/2021,0,0.333333333333333,2022-01-22
Census Tract,12001000809,White,11/2021,2,0.666666666666667,2022-01-22
Census Tract,12001000809,White,12/2021,1,0.333333333333333,2022-01-22
Census Tract,12001000809,White,01/2022,0,0.333333333333333,2022-01-22
Census Tract,12001000901,White,01/2020,0,0,2022-01-22
Census Tract,12001000901,White,02/2020,0,0,2022-01-22
Census Tract,12001000901,White,03/2020,0,0,2022-01-22
Census Tract,12001000901,White,04/2020,0,0,2022-01-22
Census Tract,12001000901,White,05/2020,0,0,2022-01-22
Census Tract,12001000901,White,06/2020,0,0,2022-01-22
Census Tract,12001000901,White,07/2020,0,0,2022-01-22
Census Tract,12001000901,White,08/2020,0,0,2022-01-22
Census Tract,12001000901,White,09/2020,0,0,2022-01-22
Census Tract,12001000901,White,10/2020,0,0,2022-01-22
Census Tract,12001000901,White,11/2020,0,0,2022-01-22
Census Tract,12001000901,White,12/2020,0,0,2022-01-22
Census Tract,12001000901,White,01/2021,0,0,2022-01-22
Census Tract,12001000901,White,02/2021,0,0,2022-01-22
Census Tract,12001000901,White,03/2021,0,0,2022-01-22
Census Tract,12001000901,White,04/2021,0,0,2022-01-22
Census Tract,12001000901,White,05/2021,0,0,2022-01-22
Census Tract,12001000901,White,06/2021,0,0,2022-01-22
Census Tract,12001000901,White,07/2021,0,0,2022-01-22
Census Tract,12001000901,White,08/2021,0,0,2022-01-22
Census Tract,12001000901,White,09/2021,0,0,2022-01-22
Census Tract,12001000901,White,10/2021,0,0,2022-01-22
Census Tract,12001000901,White,11/2021,0,0,2022-01-22
Census Tract,12001000901,White,12/2021,0,0,2022-01-22
Census Tract,12001000901,White,01/2022,0,0,2022-01-22
Census Tract,12001000902,White,01/2020,0,0,2022-01-22
Census Tract,12001000902,White,02/2020,0,0,2022-01-22
Census Tract,12001000902,White,03/2020,0,0,2022-01-22
Census Tract,12001000902,White,04/2020,0,0,2022-01-22
Census Tract,12001000902,White,05/2020,0,0,2022-01-22
Census Tract,12001000902,White,06/2020,0,0,2022-01-22
Census Tract,12001000902,White,07/2020,0,0,2022-01-22
Census Tract,12001000902,White,08/2020,0,0,2022-01-22
Census Tract,12001000902,White,09/2020,0,0,2022-01-22
Census Tract,12001000902,White,10/2020,0,0,2022-01-22
Census Tract,12001000902,White,11/2020,0,0,2022-01-22
Census Tract,12001000902,White,12/2020,0,0,2022-01-22
Census Tract,12001000902,White,01/2021,0,0,2022-01-22
Census Tract,12001000902,White,02/2021,0,0,2022-01-22
Census Tract,12001000902,White,03/2021,0,0,2022-01-22
Census Tract,12001000902,White,04/2021,0,0,2022-01-22
Census Tract,12001000902,White,05/2021,0,0,2022-01-22
Census Tract,12001000902,White,06/2021,0,0,2022-01-22
Census Tract,12001000902,White,07/2021,0,0,2022-01-22
Census Tract,12001000902,White,08/2021,0,0,2022-01-22
Census Tract,12001000902,White,09/2021,0,0,2022-01-22
Census Tract,12001000902,White,10/2021,0,0,2022-01-22
Census Tract,12001000902,White,11/2021,0,0,2022-01-22
Census Tract,12001000902,White,12/2021,0,0,2022-01-22
Census Tract,12001000902,White,01/2022,0,0,2022-01-22
Census Tract,12001001000,White,01/2020,0,1.33333333333333,2022-01-22
Census Tract,12001001000,White,02/2020,0,0,2022-01-22
Census Tract,12001001000,White,03/2020,1,0.333333333333333,2022-01-22
Census Tract,12001001000,White,04/2020,0,1.33333333333333,2022-01-22
Census Tract,12001001000,White,05/2020,0,0.666666666666667,2022-01-22
Census Tract,12001001000,White,06/2020,0,1,2022-01-22
Census Tract,12001001000,White,07/2020,0,0.666666666666667,2022-01-22
Census Tract,12001001000,White,08/2020,0,1,2022-01-22
Census Tract,12001001000,White,09/2020,1,1,2022-01-22
Census Tract,12001001000,White,10/2020,0,1,2022-01-22
Census Tract,12001001000,White,11/2020,3,0.333333333333333,2022-01-22
Census Tract,12001001000,White,12/2020,0,0,2022-01-22
Census Tract,12001001000,White,01/2021,0,1.33333333333333,2022-01-22
Census Tract,12001001000,White,02/2021,0,0,2022-01-22
Census Tract,12001001000,White,03/2021,3,0.333333333333333,2022-01-22
Census Tract,12001001000,White,04/2021,0,1.33333333333333,2022-01-22
Census Tract,12001001000,White,05/2021,2,0.666666666666667,2022-01-22
Census Tract,12001001000,White,06/2021,3,1,2022-01-22
Census Tract,12001001000,White,07/2021,0,0.666666666666667,2022-01-22
Census Tract,12001001000,White,08/2021,1,1,2022-01-22
Census Tract,12001001000,White,09/2021,1,1,2022-01-22
Census Tract,12001001000,White,10/2021,1,1,2022-01-22
Census Tract,12001001000,White,11/2021,1,0.333333333333333,2022-01-22
Census Tract,12001001000,White,12/2021,0,0,2022-01-22
Census Tract,12001001000,White,01/2022,2,1,2022-01-22
Census Tract,12001001100,White,01/2020,1,1,2022-01-22
Census Tract,12001001100,White,02/2020,1,0.666666666666667,2022-01-22
Census Tract,12001001100,White,03/2020,1,0,2022-01-22
Census Tract,12001001100,White,04/2020,0,0.666666666666667,2022-01-22
Census Tract,12001001100,White,05/2020,0,1,2022-01-22
Census Tract,12001001100,White,06/2020,2,0.666666666666667,2022-01-22
Census Tract,12001001100,White,07/2020,0,1.33333333333333,2022-01-22
Census Tract,12001001100,White,08/2020,0,0.333333333333333,2022-01-22
Census Tract,12001001100,White,09/2020,0,0.666666666666667,2022-01-22
Census Tract,12001001100,White,10/2020,0,0.333333333333333,2022-01-22
Census Tract,12001001100,White,11/2020,0,0.666666666666667,2022-01-22
Census Tract,12001001100,White,12/2020,1,1,2022-01-22
Census Tract,12001001100,White,01/2021,1,1,2022-01-22
Census Tract,12001001100,White,02/2021,0,0.666666666666667,2022-01-22
Census Tract,12001001100,White,03/2021,0,0,2022-01-22
Census Tract,12001001100,White,04/2021,1,0.666666666666667,2022-01-22
Census Tract,12001001100,White,05/2021,2,1,2022-01-22
Census Tract,12001001100,White,06/2021,0,0.666666666666667,2022-01-22
Census Tract,12001001100,White,07/2021,1,1.33333333333333,2022-01-22
Census Tract,12001001100,White,08/2021,1,0.333333333333333,2022-01-22
Census Tract,12001001100,White,09/2021,2,0.666666666666667,2022-01-22
Census Tract,12001001100,White,10/2021,2,0.333333333333333,2022-01-22
Census Tract,12001001100,White,11/2021,1,0.666666666666667,2022-01-22
Census Tract,12001001100,White,12/2021,2,1,2022-01-22
Census Tract,12001001100,White,01/2022,0,0,2022-01-22
Census Tract,12001001201,White,01/2020,0,0,2022-01-22
Census Tract,12001001201,White,02/2020,0,0.333333333333333,2022-01-22
Census Tract,12001001201,White,03/2020,1,0.333333333333333,2022-01-22
Census Tract,12001001201,White,04/2020,0,0,2022-01-22
Census Tract,12001001201,White,05/2020,0,0.333333333333333,2022-01-22
Census Tract,12001001201,White,06/2020,0,0,2022-01-22
Census Tract,12001001201,White,07/2020,0,0.333333333333333,2022-01-22
Census Tract,12001001201,White,08/2020,0,0,2022-01-22
Census Tract,12001001201,White,09/2020,0,0.666666666666667,2022-01-22
Census Tract,12001001201,White,10/2020,0,0,2022-01-22
Census Tract,12001001201,White,11/2020,0,0.333333333333333,2022-01-22
Census Tract,12001001201,White,12/2020,1,1,2022-01-22
Census Tract,12001001201,White,01/2021,0,0,2022-01-22
Census Tract,12001001201,White,02/2021,0,0.333333333333333,2022-01-22
Census Tract,12001001201,White,03/2021,0,0.333333333333333,2022-01-22
Census Tract,12001001201,White,04/2021,0,0,2022-01-22
Census Tract,12001001201,White,05/2021,0,0.333333333333333,2022-01-22
Census Tract,12001001201,White,06/2021,0,0,2022-01-22
Census Tract,12001001201,White,07/2021,0,0.333333333333333,2022-01-22
Census Tract,12001001201,White,08/2021,0,0,2022-01-22
Census Tract,12001001201,White,09/2021,0,0.666666666666667,2022-01-22
Census Tract,12001001201,White,10/2021,0,0,2022-01-22
Census Tract,12001001201,White,11/2021,1,0.333333333333333,2022-01-22
Census Tract,12001001201,White,12/2021,1,1,2022-01-22
Census Tract,12001001201,White,01/2022,0,0,2022-01-22
Census Tract,12001001202,White,01/2020,0,6,2022-01-22
Census Tract,12001001202,White,02/2020,1,0.333333333333333,2022-01-22
Census Tract,12001001202,White,03/2020,0,2,2022-01-22
Census Tract,12001001202,White,04/2020,0,1.33333333333333,2022-01-22
Census Tract,12001001202,White,05/2020,0,2.66666666666667,2022-01-22
Census Tract,12001001202,White,06/2020,1,2.33333333333333,2022-01-22
Census Tract,12001001202,White,07/2020,0,2.33333333333333,2022-01-22
Census Tract,12001001202,White,08/2020,1,3.33333333333333,2022-01-22
Census Tract,12001001202,White,09/2020,0,2.66666666666667,2022-01-22
Census Tract,12001001202,White,10/2020,1,2,2022-01-22
Census Tract,12001001202,White,11/2020,3,0.666666666666667,2022-01-22
Census Tract,12001001202,White,12/2020,0,0.666666666666667,2022-01-22
Census Tract,12001001202,White,01/2021,1,6,2022-01-22
Census Tract,12001001202,White,02/2021,2,0.333333333333333,2022-01-22
Census Tract,12001001202,White,03/2021,1,2,2022-01-22
Census Tract,12001001202,White,04/2021,0,1.33333333333333,2022-01-22
Census Tract,12001001202,White,05/2021,2,2.66666666666667,2022-01-22
Census Tract,12001001202,White,06/2021,1,2.33333333333333,2022-01-22
Census Tract,12001001202,White,07/2021,1,2.33333333333333,2022-01-22
Census Tract,12001001202,White,08/2021,2,3.33333333333333,2022-01-22
Census Tract,12001001202,White,09/2021,2,2.66666666666667,2022-01-22
Census Tract,12001001202,White,10/2021,1,2,2022-01-22
Census Tract,12001001202,White,11/2021,2,0.666666666666667,2022-01-22
Census Tract,12001001202,White,12/2021,1,0.666666666666667,2022-01-22
Census Tract,12001001202,White,01/2022,0,4,2022-01-22
Census Tract,12001001203,White,01/2020,0,1.33333333333333,2022-01-22
Census Tract,12001001203,White,02/2020,1,0.666666666666667,2022-01-22
Census Tract,12001001203,White,03/2020,2,2.66666666666667,2022-01-22
Census Tract,12001001203,White,04/2020,0,0.666666666666667,2022-01-22
Census Tract,12001001203,White,05/2020,0,1.33333333333333,2022-01-22
Census Tract,12001001203,White,06/2020,0,1.66666666666667,2022-01-22
Census Tract,12001001203,White,07/2020,1,1.66666666666667,2022-01-22
Census Tract,12001001203,White,08/2020,0,2,2022-01-22
Census Tract,12001001203,White,09/2020,2,1,2022-01-22
Census Tract,12001001203,White,10/2020,1,1,2022-01-22
Census Tract,12001001203,White,11/2020,1,2.66666666666667,2022-01-22
Census Tract,12001001203,White,12/2020,1,1.66666666666667,2022-01-22
Census Tract,12001001203,White,01/2021,1,1.33333333333333,2022-01-22
Census Tract,12001001203,White,02/2021,1,0.666666666666667,2022-01-22
Census Tract,12001001203,White,03/2021,2,2.66666666666667,2022-01-22
Census Tract,12001001203,White,04/2021,1,0.666666666666667,2022-01-22
Census Tract,12001001203,White,05/2021,2,1.33333333333333,2022-01-22
Census Tract,12001001203,White,06/2021,2,1.66666666666667,2022-01-22
Census Tract,12001001203,White,07/2021,1,1.66666666666667,2022-01-22
Census Tract,12001001203,White,08/2021,0,2,2022-01-22
Census Tract,12001001203,White,09/2021,4,1,2022-01-22
Census Tract,12001001203,White,10/2021,3,1,2022-01-22
Census Tract,12001001203,White,11/2021,3,2.66666666666667,2022-01-22
Census Tract,12001001203,White,12/2021,1,1.66666666666667,2022-01-22
Census Tract,12001001203,White,01/2022,3,1,2022-01-22
Census Tract,12001001400,Black,01/2020,1,1,2022-01-22
Census Tract,12001001400,Black,02/2020,0,1,2022-01-22
Census Tract,12001001400,Black,03/2020,1,0.333333333333333,2022-01-22
Census Tract,12001001400,Black,04/2020,0,1.33333333333333,2022-01-22
Census Tract,12001001400,Black,05/2020,1,0.333333333333333,2022-01-22
Census Tract,12001001400,Black,06/2020,0,0.333333333333333,2022-01-22
Census Tract,12001001400,Black,07/2020,0,0.333333333333333,2022-01-22
Census Tract,12001001400,Black,08/2020,0,1.33333333333333,2022-01-22
Census Tract,12001001400,Black,09/2020,0,0,2022-01-22
Census Tract,12001001400,Black,10/2020,0,0.333333333333333,2022-01-22
Census Tract,12001001400,Black,11/2020,1,0.333333333333333,2022-01-22
Census Tract,12001001400,Black,12/2020,0,0.666666666666667,2022-01-22
Census Tract,12001001400,Black,01/2021,0,1,2022-01-22
Census Tract,12001001400,Black,02/2021,0,1,2022-01-22
Census Tract,12001001400,Black,03/2021,0,0.333333333333333,2022-01-22
Census Tract,12001001400,Black,04/2021,0,1.33333333333333,2022-01-22
Census Tract,12001001400,Black,05/2021,1,0.333333333333333,2022-01-22
Census Tract,12001001400,Black,06/2021,1,0.333333333333333,2022-01-22
Census Tract,12001001400,Black,07/2021,0,0.333333333333333,2022-01-22
Census Tract,12001001400,Black,08/2021,1,1.33333333333333,2022-01-22
Census Tract,12001001400,Black,09/2021,1,0,2022-01-22
Census Tract,12001001400,Black,10/2021,0,0.333333333333333,2022-01-22
Census Tract,12001001400,Black,11/2021,2,0.333333333333333,2022-01-22
Census Tract,12001001400,Black,12/2021,1,0.666666666666667,2022-01-22
Census Tract,12001001400,Black,01/2022,1,0.666666666666667,2022-01-22
Census Tract,12001001514,White,01/2020,0,1.66666666666667,2022-01-22
Census Tract,12001001514,White,02/2020,2,1.33333333333333,2022-01-22
Census Tract,12001001514,White,03/2020,0,1,2022-01-22
Census Tract,12001001514,White,04/2020,0,1.66666666666667,2022-01-22
Census Tract,12001001514,White,05/2020,0,3.33333333333333,2022-01-22
Census Tract,12001001514,White,06/2020,0,1,2022-01-22
Census Tract,12001001514,White,07/2020,0,2.33333333333333,2022-01-22
Census Tract,12001001514,White,08/2020,0,1.66666666666667,2022-01-22
Census Tract,12001001514,White,09/2020,0,0.333333333333333,2022-01-22
Census Tract,12001001514,White,10/2020,0,1.66666666666667,2022-01-22
Census Tract,12001001514,White,11/2020,0,0.666666666666667,2022-01-22
Census Tract,12001001514,White,12/2020,0,1.33333333333333,2022-01-22
Census Tract,12001001514,White,01/2021,0,1.66666666666667,2022-01-22
Census Tract,12001001514,White,02/2021,4,1.33333333333333,2022-01-22
Census Tract,12001001514,White,03/2021,0,1,2022-01-22
Census Tract,12001001514,White,04/2021,0,1.66666666666667,2022-01-22
Census Tract,12001001514,White,05/2021,0,3.33333333333333,2022-01-22
Census Tract,12001001514,White,06/2021,0,1,2022-01-22
Census Tract,12001001514,White,07/2021,0,2.33333333333333,2022-01-22
Census Tract,12001001514,White,08/2021,0,1.66666666666667,2022-01-22
Census Tract,12001001514,White,09/2021,0,0.333333333333333,2022-01-22
Census Tract,12001001514,White,10/2021,0,1.66666666666667,2022-01-22
Census Tract,12001001514,White,11/2021,0,0.666666666666667,2022-01-22
Census Tract,12001001514,White,12/2021,2,1.33333333333333,2022-01-22
Census Tract,12001001514,White,01/2022,0,0.666666666666667,2022-01-22
Census Tract,12001001515,White,01/2020,8,7.66666666666667,2022-01-22
Census Tract,12001001515,White,02/2020,6,2.66666666666667,2022-01-22
Census Tract,12001001515,White,03/2020,2,2.66666666666667,2022-01-22
Census Tract,12001001515,White,04/2020,1,4.33333333333333,2022-01-22
Census Tract,12001001515,White,05/2020,0,5.66666666666667,2022-01-22
Census Tract,12001001515,White,06/2020,1,6,2022-01-22
Census Tract,12001001515,White,07/2020,1,7,2022-01-22
Census Tract,12001001515,White,08/2020,5,1.33333333333333,2022-01-22
Census Tract,12001001515,White,09/2020,7,6.33333333333333,2022-01-22
Census Tract,12001001515,White,10/2020,6,6,2022-01-22
Census Tract,12001001515,White,11/2020,6,3.33333333333333,2022-01-22
Census Tract,12001001515,White,12/2020,8,4.66666666666667,2022-01-22
Census Tract,12001001515,White,01/2021,4,7.66666666666667,2022-01-22
Census Tract,12001001515,White,02/2021,3,2.66666666666667,2022-01-22
Census Tract,12001001515,White,03/2021,4,2.66666666666667,2022-01-22
Census Tract,12001001515,White,04/2021,2,4.33333333333333,2022-01-22
Census Tract,12001001515,White,05/2021,2,5.66666666666667,2022-01-22
Census Tract,12001001515,White,06/2021,3,6,2022-01-22
Census Tract,12001001515,White,07/2021,6,7,2022-01-22
Census Tract,12001001515,White,08/2021,4,1.33333333333333,2022-01-22
Census Tract,12001001515,White,09/2021,1,6.33333333333333,2022-01-22
Census Tract,12001001515,White,10/2021,7,6,2022-01-22
Census Tract,12001001515,White,11/2021,2,3.33333333333333,2022-01-22
Census Tract,12001001515,White,12/2021,5,4.66666666666667,2022-01-22
Census Tract,12001001515,White,01/2022,3,6,2022-01-22
Census Tract,12001001516,White,01/2020,3,1.66666666666667,2022-01-22
Census Tract,12001001516,White,02/2020,4,0.666666666666667,2022-01-22
Census Tract,12001001516,White,03/2020,1,0.666666666666667,2022-01-22
Census Tract,12001001516,White,04/2020,0,2.66666666666667,2022-01-22
Census Tract,12001001516,White,05/2020,0,1.66666666666667,2022-01-22
Census Tract,12001001516,White,06/2020,0,1.66666666666667,2022-01-22
Census Tract,12001001516,White,07/2020,1,2,2022-01-22
Census Tract,12001001516,White,08/2020,3,1.66666666666667,2022-01-22
Census Tract,12001001516,White,09/2020,0,3,2022-01-22
Census Tract,12001001516,White,10/2020,4,0.333333333333333,2022-01-22
Census Tract,12001001516,White,11/2020,0,1.33333333333333,2022-01-22
Census Tract,12001001516,White,12/2020,1,1.33333333333333,2022-01-22
Census Tract,12001001516,White,01/2021,1,1.66666666666667,2022-01-22
Census Tract,12001001516,White,02/2021,0,0.666666666666667,2022-01-22
Census Tract,12001001516,White,03/2021,2,0.666666666666667,2022-01-22
Census Tract,12001001516,White,04/2021,0,2.66666666666667,2022-01-22
Census Tract,12001001516,White,05/2021,1,1.66666666666667,2022-01-22
Census Tract,12001001516,White,06/2021,1,1.66666666666667,2022-01-22
Census Tract,12001001516,White,07/2021,1,2,2022-01-22
Census Tract,12001001516,White,08/2021,1,1.66666666666667,2022-01-22
Census Tract,12001001516,White,09/2021,1,3,2022-01-22
Census Tract,12001001516,White,10/2021,1,0.333333333333333,2022-01-22
Census Tract,12001001516,White,11/2021,0,1.33333333333333,2022-01-22
Census Tract,12001001516,White,12/2021,4,1.33333333333333,2022-01-22
Census Tract,12001001516,White,01/2022,4,1.33333333333333,2022-01-22
Census Tract,12001001517,White,01/2020,7,4.33333333333333,2022-01-22
Census Tract,12001001517,White,02/2020,1,6,2022-01-22
Census Tract,12001001517,White,03/2020,1,5,2022-01-22
Census Tract,12001001517,White,04/2020,0,2.66666666666667,2022-01-22
Census Tract,12001001517,White,05/2020,0,4.33333333333333,2022-01-22
Census Tract,12001001517,White,06/2020,0,4.66666666666667,2022-01-22
Census Tract,12001001517,White,07/2020,0,4,2022-01-22
Census Tract,12001001517,White,08/2020,1,2.66666666666667,2022-01-22
Census Tract,12001001517,White,09/2020,3,4.33333333333333,2022-01-22
Census Tract,12001001517,White,10/2020,5,3,2022-01-22
Census Tract,12001001517,White,11/2020,0,3,2022-01-22
Census Tract,12001001517,White,12/2020,0,2.33333333333333,2022-01-22
Census Tract,12001001517,White,01/2021,4,4.33333333333333,2022-01-22
Census Tract,12001001517,White,02/2021,2,6,2022-01-22
Census Tract,12001001517,White,03/2021,7,5,2022-01-22
Census Tract,12001001517,White,04/2021,0,2.66666666666667,2022-01-22
Census Tract,12001001517,White,05/2021,2,4.33333333333333,2022-01-22
Census Tract,12001001517,White,06/2021,2,4.66666666666667,2022-01-22
Census Tract,12001001517,White,07/2021,2,4,2022-01-22
Census Tract,12001001517,White,08/2021,1,2.66666666666667,2022-01-22
Census Tract,12001001517,White,09/2021,7,4.33333333333333,2022-01-22
Census Tract,12001001517,White,10/2021,2,3,2022-01-22
Census Tract,12001001517,White,11/2021,8,3,2022-01-22
Census Tract,12001001517,White,12/2021,2,2.33333333333333,2022-01-22
Census Tract,12001001517,White,01/2022,1,2,2022-01-22
Census Tract,12001001519,Other,01/2020,0,1.33333333333333,2022-01-22
Census Tract,12001001519,Other,02/2020,0,0,2022-01-22
Census Tract,12001001519,Other,03/2020,3,1.33333333333333,2022-01-22
Census Tract,12001001519,Other,04/2020,0,0.666666666666667,2022-01-22
Census Tract,12001001519,Other,05/2020,0,0.666666666666667,2022-01-22
Census Tract,12001001519,Other,06/2020,0,3.66666666666667,2022-01-22
Census Tract,12001001519,Other,07/2020,0,0,2022-01-22
Census Tract,12001001519,Other,08/2020,0,1,2022-01-22
Census Tract,12001001519,Other,09/2020,0,0.666666666666667,2022-01-22
Census Tract,12001001519,Other,10/2020,0,2.33333333333333,2022-01-22
Census Tract,12001001519,Other,11/2020,0,1,2022-01-22
Census Tract,12001001519,Other,12/2020,2,1.66666666666667,2022-01-22
Census Tract,12001001519,Other,01/2021,1,1.33333333333333,2022-01-22
Census Tract,12001001519,Other,02/2021,2,0,2022-01-22
Census Tract,12001001519,Other,03/2021,2,1.33333333333333,2022-01-22
Census Tract,12001001519,Other,04/2021,0,0.666666666666667,2022-01-22
Census Tract,12001001519,Other,05/2021,1,0.666666666666667,2022-01-22
Census Tract,12001001519,Other,06/2021,0,3.66666666666667,2022-01-22
Census Tract,12001001519,Other,07/2021,0,0,2022-01-22
Census Tract,12001001519,Other,08/2021,1,1,2022-01-22
Census Tract,12001001519,Other,09/2021,2,0.666666666666667,2022-01-22
Census Tract,12001001519,Other,10/2021,0,2.33333333333333,2022-01-22
Census Tract,12001001519,Other,11/2021,0,1,2022-01-22
Census Tract,12001001519,Other,12/2021,0,1.66666666666667,2022-01-22
Census Tract,12001001519,Other,01/2022,0,1,2022-01-22
Census Tract,12001001520,Other,01/2020,5,6.66666666666667,2022-01-22
Census Tract,12001001520,Other,02/2020,1,2,2022-01-22
Census Tract,12001001520,Other,03/2020,3,2.66666666666667,2022-01-22
Census Tract,12001001520,Other,04/2020,1,3,2022-01-22
Census Tract,12001001520,Other,05/2020,0,3,2022-01-22
Census Tract,12001001520,Other,06/2020,1,2.33333333333333,2022-01-22
Census Tract,12001001520,Other,07/2020,0,3,2022-01-22
Census Tract,12001001520,Other,08/2020,3,1.66666666666667,2022-01-22
Census Tract,12001001520,Other,09/2020,1,3.66666666666667,2022-01-22
Census Tract,12001001520,Other,10/2020,2,4.33333333333333,2022-01-22
Census Tract,12001001520,Other,11/2020,1,3,2022-01-22
Census Tract,12001001520,Other,12/2020,2,4,2022-01-22
Census Tract,12001001520,Other,01/2021,3,6.66666666666667,2022-01-22
Census Tract,12001001520,Other,02/2021,0,2,2022-01-22
Census Tract,12001001520,Other,03/2021,0,2.66666666666667,2022-01-22
Census Tract,12001001520,Other,04/2021,0,3,2022-01-22
Census Tract,12001001520,Other,05/2021,3,3,2022-01-22
Census Tract,12001001520,Other,06/2021,0,2.33333333333333,2022-01-22
Census Tract,12001001520,Other,07/2021,1,3,2022-01-22
Census Tract,12001001520,Other,08/2021,8,1.66666666666667,2022-01-22
Census Tract,12001001520,Other,09/2021,1,3.66666666666667,2022-01-22
Census Tract,12001001520,Other,10/2021,2,4.33333333333333,2022-01-22
Census Tract,12001001520,Other,11/2021,0,3,2022-01-22
Census Tract,12001001520,Other,12/2021,1,4,2022-01-22
Census Tract,12001001520,Other,01/2022,3,6.66666666666667,2022-01-22
Census Tract,12001001521,Other,01/2020,7,7.66666666666667,2022-01-22
Census Tract,12001001521,Other,02/2020,9,4.66666666666667,2022-01-22
Census Tract,12001001521,Other,03/2020,4,4.33333333333333,2022-01-22
Census Tract,12001001521,Other,04/2020,0,4.33333333333333,2022-01-22
Census Tract,12001001521,Other,05/2020,0,4.33333333333333,2022-01-22
Census Tract,12001001521,Other,06/2020,0,7.66666666666667,2022-01-22
Census Tract,12001001521,Other,07/2020,0,5.33333333333333,2022-01-22
Census Tract,12001001521,Other,08/2020,2,5.66666666666667,2022-01-22
Census Tract,12001001521,Other,09/2020,3,5.66666666666667,2022-01-22
Census Tract,12001001521,Other,10/2020,4,5.33333333333333,2022-01-22
Census Tract,12001001521,Other,11/2020,7,5.66666666666667,2022-01-22
Census Tract,12001001521,Other,12/2020,8,2.33333333333333,2022-01-22
Census Tract,12001001521,Other,01/2021,9,7.66666666666667,2022-01-22
Census Tract,12001001521,Other,02/2021,3,4.66666666666667,2022-01-22
Census Tract,12001001521,Other,03/2021,5,4.33333333333333,2022-01-22
Census Tract,12001001521,Other,04/2021,6,4.33333333333333,2022-01-22
Census Tract,12001001521,Other,05/2021,7,4.33333333333333,2022-01-22
Census Tract,12001001521,Other,06/2021,2,7.66666666666667,2022-01-22
Census Tract,12001001521,Other,07/2021,0,5.33333333333333,2022-01-22
Census Tract,12001001521,Other,08/2021,3,5.66666666666667,2022-01-22
Census Tract,12001001521,Other,09/2021,3,5.66666666666667,2022-01-22
Census Tract,12001001521,Other,10/2021,9,5.33333333333333,2022-01-22
Census Tract,12001001521,Other,11/2021,3,5.66666666666667,2022-01-22
Census Tract,12001001521,Other,12/2021,2,2.33333333333333,2022-01-22
Census Tract,12001001521,Other,01/2022,3,5.66666666666667,2022-01-22
Census Tract,12001001603,White,01/2020,0,0,2022-01-22
Census Tract,12001001603,White,02/2020,0,0.333333333333333,2022-01-22
Census Tract,12001001603,White,03/2020,0,0.333333333333333,2022-01-22
Census Tract,12001001603,White,04/2020,2,0.333333333333333,2022-01-22
Census Tract,12001001603,White,05/2020,0,0,2022-01-22
Census Tract,12001001603,White,06/2020,0,0.666666666666667,2022-01-22
Census Tract,12001001603,White,07/2020,0,0,2022-01-22
Census Tract,12001001603,White,08/2020,1,0.333333333333333,2022-01-22
Census Tract,12001001603,White,09/2020,0,0,2022-01-22
Census Tract,12001001603,White,10/2020,1,0,2022-01-22
Census Tract,12001001603,White,11/2020,0,0.333333333333333,2022-01-22
Census Tract,12001001603,White,12/2020,0,0.333333333333333,2022-01-22
Census Tract,12001001603,White,01/2021,0,0,2022-01-22
Census Tract,12001001603,White,02/2021,0,0.333333333333333,2022-01-22
Census Tract,12001001603,White,03/2021,1,0.333333333333333,2022-01-22
Census Tract,12001001603,White,04/2021,0,0.333333333333333,2022-01-22
Census Tract,12001001603,White,05/2021,0,0,2022-01-22
Census Tract,12001001603,White,06/2021,0,0.666666666666667,2022-01-22
Census Tract,12001001603,White,07/2021,0,0,2022-01-22
Census Tract,12001001603,White,08/2021,1,0.333333333333333,2022-01-22
Census Tract,12001001603,White,09/2021,0,0,2022-01-22
Census Tract,12001001603,White,10/2021,0,0,2022-01-22
Census Tract,12001001603,White,11/2021,0,0.333333333333333,2022-01-22
Census Tract,12001001603,White,12/2021,0,0.333333333333333,2022-01-22
Census Tract,12001001603,White,01/2022,0,0,2022-01-22
Census Tract,12001001604,White,01/2020,16,13.3333333333333,2022-01-22
Census Tract,12001001604,White,02/2020,19,12.3333333333333,2022-01-22
Census Tract,12001001604,White,03/2020,4,4.66666666666667,2022-01-22
Census Tract,12001001604,White,04/2020,0,9.33333333333333,2022-01-22
Census Tract,12001001604,White,05/2020,0,6.33333333333333,2022-01-22
Census Tract,12001001604,White,06/2020,1,6.66666666666667,2022-01-22
Census Tract,12001001604,White,07/2020,0,3.66666666666667,2022-01-22
Census Tract,12001001604,White,08/2020,1,7,2022-01-22
Census Tract,12001001604,White,09/2020,1,13.3333333333333,2022-01-22
Census Tract,12001001604,White,10/2020,0,11,2022-01-22
Census Tract,12001001604,White,11/2020,14,8.66666666666667,2022-01-22
Census Tract,12001001604,White,12/2020,4,10.6666666666667,2022-01-22
Census Tract,12001001604,White,01/2021,4,13.3333333333333,2022-01-22
Census Tract,12001001604,White,02/2021,3,12.3333333333333,2022-01-22
Census Tract,12001001604,White,03/2021,4,4.66666666666667,2022-01-22
Census Tract,12001001604,White,04/2021,15,9.33333333333333,2022-01-22
Census Tract,12001001604,White,05/2021,3,6.33333333333333,2022-01-22
Census Tract,12001001604,White,06/2021,6,6.66666666666667,2022-01-22
Census Tract,12001001604,White,07/2021,0,3.66666666666667,2022-01-22
Census Tract,12001001604,White,08/2021,1,7,2022-01-22
Census Tract,12001001604,White,09/2021,3,13.3333333333333,2022-01-22
Census Tract,12001001604,White,10/2021,5,11,2022-01-22
Census Tract,12001001604,White,11/2021,1,8.66666666666667,2022-01-22
Census Tract,12001001604,White,12/2021,20,10.6666666666667,2022-01-22
Census Tract,12001001604,White,01/2022,2,8.66666666666667,2022-01-22
Census Tract,12001001701,White,01/2020,5,6,2022-01-22
Census Tract,12001001701,White,02/2020,3,0.666666666666667,2022-01-22
Census Tract,12001001701,White,03/2020,3,0.333333333333333,2022-01-22
Census Tract,12001001701,White,04/2020,0,2.33333333333333,2022-01-22
Census Tract,12001001701,White,05/2020,0,3.66666666666667,2022-01-22
Census Tract,12001001701,White,06/2020,0,2.33333333333333,2022-01-22
Census Tract,12001001701,White,07/2020,0,1.66666666666667,2022-01-22
Census Tract,12001001701,White,08/2020,0,3,2022-01-22
Census Tract,12001001701,White,09/2020,5,1.33333333333333,2022-01-22
Census Tract,12001001701,White,10/2020,6,5.33333333333333,2022-01-22
Census Tract,12001001701,White,11/2020,2,3,2022-01-22
Census Tract,12001001701,White,12/2020,9,1,2022-01-22
Census Tract,12001001701,White,01/2021,5,6,2022-01-22
Census Tract,12001001701,White,02/2021,1,0.666666666666667,2022-01-22
Census Tract,12001001701,White,03/2021,4,0.333333333333333,2022-01-22
Census Tract,12001001701,White,04/2021,0,2.33333333333333,2022-01-22
Census Tract,12001001701,White,05/2021,3,3.66666666666667,2022-01-22
Census Tract,12001001701,White,06/2021,1,2.33333333333333,2022-01-22
Census Tract,12001001701,White,07/2021,2,1.66666666666667,2022-01-22
Census Tract,12001001701,White,08/2021,1,3,2022-01-22
Census Tract,12001001701,White,09/2021,1,1.33333333333333,2022-01-22
Census Tract,12001001701,White,10/2021,0,5.33333333333333,2022-01-22
Census Tract,12001001701,White,11/2021,6,3,2022-01-22
Census Tract,12001001701,White,12/2021,6,1,2022-01-22
Census Tract,12001001701,White,01/2022,0,4,2022-01-22
Census Tract,12001001702,White,01/2020,1,0.666666666666667,2022-01-22
Census Tract,12001001702,White,02/2020,0,0.333333333333333,2022-01-22
Census Tract,12001001702,White,03/2020,0,1.33333333333333,2022-01-22
Census Tract,12001001702,White,04/2020,0,0,2022-01-22
Census Tract,12001001702,White,05/2020,0,0.333333333333333,2022-01-22
Census Tract,12001001702,White,06/2020,0,0.666666666666667,2022-01-22
Census Tract,12001001702,White,07/2020,0,0,2022-01-22
Census Tract,12001001702,White,08/2020,0,0.333333333333333,2022-01-22
Census Tract,12001001702,White,09/2020,0,1.33333333333333,2022-01-22
Census Tract,12001001702,White,10/2020,0,0,2022-01-22
Census Tract,12001001702,White,11/2020,0,0.333333333333333,2022-01-22
Census Tract,12001001702,White,12/2020,0,0.666666666666667,2022-01-22
Census Tract,12001001702,White,01/2021,0,0.666666666666667,2022-01-22
Census Tract,12001001702,White,02/2021,2,0.333333333333333,2022-01-22
Census Tract,12001001702,White,03/2021,0,1.33333333333333,2022-01-22
Census Tract,12001001702,White,04/2021,0,0,2022-01-22
Census Tract,12001001702,White,05/2021,0,0.333333333333333,2022-01-22
Census Tract,12001001702,White,06/2021,0,0.666666666666667,2022-01-22
Census Tract,12001001702,White,07/2021,0,0,2022-01-22
Census Tract,12001001702,White,08/2021,0,0.333333333333333,2022-01-22
Census Tract,12001001702,White,09/2021,0,1.33333333333333,2022-01-22
Census Tract,12001001702,White,10/2021,1,0,2022-01-22
Census Tract,12001001702,White,11/2021,0,0.333333333333333,2022-01-22
Census Tract,12001001702,White,12/2021,0,0.666666666666667,2022-01-22
Census Tract,12001001702,White,01/2022,0,0.333333333333333,2022-01-22
Census Tract,12001001801,White,01/2020,3,1,2022-01-22
Census Tract,12001001801,White,02/2020,1,0.666666666666667,2022-01-22
Census Tract,12001001801,White,03/2020,0,0.333333333333333,2022-01-22
Census Tract,12001001801,White,04/2020,0,1,2022-01-22
Census Tract,12001001801,White,05/2020,1,0.333333333333333,2022-01-22
Census Tract,12001001801,White,06/2020,1,0.333333333333333,2022-01-22
Census Tract,12001001801,White,07/2020,1,0.333333333333333,2022-01-22
Census Tract,12001001801,White,08/2020,0,2,2022-01-22
Census Tract,12001001801,White,09/2020,2,1.33333333333333,2022-01-22
Census Tract,12001001801,White,10/2020,0,0.666666666666667,2022-01-22
Census Tract,12001001801,White,11/2020,1,1,2022-01-22
Census Tract,12001001801,White,12/2020,1,1,2022-01-22
Census Tract,12001001801,White,01/2021,1,1,2022-01-22
Census Tract,12001001801,White,02/2021,2,0.666666666666667,2022-01-22
Census Tract,12001001801,White,03/2021,0,0.333333333333333,2022-01-22
Census Tract,12001001801,White,04/2021,1,1,2022-01-22
Census Tract,12001001801,White,05/2021,2,0.333333333333333,2022-01-22
Census Tract,12001001801,White,06/2021,1,0.333333333333333,2022-01-22
Census Tract,12001001801,White,07/2021,1,0.333333333333333,2022-01-22
Census Tract,12001001801,White,08/2021,1,2,2022-01-22
Census Tract,12001001801,White,09/2021,0,1.33333333333333,2022-01-22
Census Tract,12001001801,White,10/2021,0,0.666666666666667,2022-01-22
Census Tract,12001001801,White,11/2021,0,1,2022-01-22
Census Tract,12001001801,White,12/2021,0,1,2022-01-22
Census Tract,12001001801,White,01/2022,5,1,2022-01-22
Census Tract,12001001802,White,01/2020,1,1,2022-01-22
Census Tract,12001001802,White,02/2020,5,0.666666666666667,2022-01-22
Census Tract,12001001802,White,03/2020,0,2.33333333333333,2022-01-22
Census Tract,12001001802,White,04/2020,0,1,2022-01-22
Census Tract,12001001802,White,05/2020,0,0.333333333333333,2022-01-22
Census Tract,12001001802,White,06/2020,1,1.33333333333333,2022-01-22
Census Tract,12001001802,White,07/2020,0,1.66666666666667,2022-01-22
Census Tract,12001001802,White,08/2020,1,0.666666666666667,2022-01-22
Census Tract,12001001802,White,09/2020,1,1,2022-01-22
Census Tract,12001001802,White,10/2020,2,0.333333333333333,2022-01-22
Census Tract,12001001802,White,11/2020,0,2,2022-01-22
Census Tract,12001001802,White,12/2020,0,0.333333333333333,2022-01-22
Census Tract,12001001802,White,01/2021,0,1,2022-01-22
Census Tract,12001001802,White,02/2021,1,0.666666666666667,2022-01-22
Census Tract,12001001802,White,03/2021,1,2.33333333333333,2022-01-22
Census Tract,12001001802,White,04/2021,1,1,2022-01-22
Census Tract,12001001802,White,05/2021,0,0.333333333333333,2022-01-22
Census Tract,12001001802,White,06/2021,0,1.33333333333333,2022-01-22
Census Tract,12001001802,White,07/2021,1,1.66666666666667,2022-01-22
Census Tract,12001001802,White,08/2021,1,0.666666666666667,2022-01-22
Census Tract,12001001802,White,09/2021,1,1,2022-01-22
Census Tract,12001001802,White,10/2021,2,0.333333333333333,2022-01-22
Census Tract,12001001802,White,11/2021,0,2,2022-01-22
Census Tract,12001001802,White,12/2021,1,0.333333333333333,2022-01-22
Census Tract,12001001802,White,01/2022,0,0,2022-01-22
Census Tract,12001001803,White,01/2020,2,3,2022-01-22
Census Tract,12001001803,White,02/2020,0,3,2022-01-22
Census Tract,12001001803,White,03/2020,1,1.33333333333333,2022-01-22
Census Tract,12001001803,White,04/2020,0,2.33333333333333,2022-01-22
Census Tract,12001001803,White,05/2020,1,3,2022-01-22
Census Tract,12001001803,White,06/2020,0,2.66666666666667,2022-01-22
Census Tract,12001001803,White,07/2020,2,3,2022-01-22
Census Tract,12001001803,White,08/2020,4,2.33333333333333,2022-01-22
Census Tract,12001001803,White,09/2020,2,3,2022-01-22
Census Tract,12001001803,White,10/2020,2,4.66666666666667,2022-01-22
Census Tract,12001001803,White,11/2020,3,2.33333333333333,2022-01-22
Census Tract,12001001803,White,12/2020,3,1.66666666666667,2022-01-22
Census Tract,12001001803,White,01/2021,1,3,2022-01-22
Census Tract,12001001803,White,02/2021,2,3,2022-01-22
Census Tract,12001001803,White,03/2021,0,1.33333333333333,2022-01-22
Census Tract,12001001803,White,04/2021,0,2.33333333333333,2022-01-22
Census Tract,12001001803,White,05/2021,2,3,2022-01-22
Census Tract,12001001803,White,06/2021,0,2.66666666666667,2022-01-22
Census Tract,12001001803,White,07/2021,0,3,2022-01-22
Census Tract,12001001803,White,08/2021,2,2.33333333333333,2022-01-22
Census Tract,12001001803,White,09/2021,1,3,2022-01-22
Census Tract,12001001803,White,10/2021,2,4.66666666666667,2022-01-22
Census Tract,12001001803,White,11/2021,1,2.33333333333333,2022-01-22
Census Tract,12001001803,White,12/2021,1,1.66666666666667,2022-01-22
Census Tract,12001001803,White,01/2022,1,3,2022-01-22
Census Tract,12001001805,White,01/2020,0,0,2022-01-22
Census Tract,12001001805,White,02/2020,0,0.333333333333333,2022-01-22
Census Tract,12001001805,White,03/2020,1,0,2022-01-22
Census Tract,12001001805,White,04/2020,0,0,2022-01-22
Census Tract,12001001805,White,05/2020,0,0,2022-01-22
Census Tract,12001001805,White,06/2020,1,0,2022-01-22
Census Tract,12001001805,White,07/2020,0,0.333333333333333,2022-01-22
Census Tract,12001001805,White,08/2020,0,0,2022-01-22
Census Tract,12001001805,White,09/2020,0,0,2022-01-22
Census Tract,12001001805,White,10/2020,0,0,2022-01-22
Census Tract,12001001805,White,11/2020,0,0.333333333333333,2022-01-22
Census Tract,12001001805,White,12/2020,0,0,2022-01-22
Census Tract,12001001805,White,01/2021,0,0,2022-01-22
Census Tract,12001001805,White,02/2021,0,0.333333333333333,2022-01-22
Census Tract,12001001805,White,03/2021,0,0,2022-01-22
Census Tract,12001001805,White,04/2021,0,0,2022-01-22
Census Tract,12001001805,White,05/2021,0,0,2022-01-22
Census Tract,12001001805,White,06/2021,0,0,2022-01-22
Census Tract,12001001805,White,07/2021,0,0.333333333333333,2022-01-22
Census Tract,12001001805,White,08/2021,0,0,2022-01-22
Census Tract,12001001805,White,09/2021,0,0,2022-01-22
Census Tract,12001001805,White,10/2021,1,0,2022-01-22
Census Tract,12001001805,White,11/2021,0,0.333333333333333,2022-01-22
Census Tract,12001001805,White,12/2021,0,0,2022-01-22
Census Tract,12001001805,White,01/2022,0,0,2022-01-22
Census Tract,12001001806,White,01/2020,6,1.66666666666667,2022-01-22
Census Tract,12001001806,White,02/2020,4,1.66666666666667,2022-01-22
Census Tract,12001001806,White,03/2020,9,3.33333333333333,2022-01-22
Census Tract,12001001806,White,04/2020,1,1.33333333333333,2022-01-22
Census Tract,12001001806,White,05/2020,1,2,2022-01-22
Census Tract,12001001806,White,06/2020,2,0.666666666666667,2022-01-22
Census Tract,12001001806,White,07/2020,1,1.33333333333333,2022-01-22
Census Tract,12001001806,White,08/2020,0,4.33333333333333,2022-01-22
Census Tract,12001001806,White,09/2020,12,3.66666666666667,2022-01-22
Census Tract,12001001806,White,10/2020,6,3.33333333333333,2022-01-22
Census Tract,12001001806,White,11/2020,4,1.33333333333333,2022-01-22
Census Tract,12001001806,White,12/2020,2,2,2022-01-22
Census Tract,12001001806,White,01/2021,10,1.66666666666667,2022-01-22
Census Tract,12001001806,White,02/2021,1,1.66666666666667,2022-01-22
Census Tract,12001001806,White,03/2021,0,3.33333333333333,2022-01-22
Census Tract,12001001806,White,04/2021,2,1.33333333333333,2022-01-22
Census Tract,12001001806,White,05/2021,1,2,2022-01-22
Census Tract,12001001806,White,06/2021,8,0.666666666666667,2022-01-22
Census Tract,12001001806,White,07/2021,2,1.33333333333333,2022-01-22
Census Tract,12001001806,White,08/2021,3,4.33333333333333,2022-01-22
Census Tract,12001001806,White,09/2021,0,3.66666666666667,2022-01-22
Census Tract,12001001806,White,10/2021,6,3.33333333333333,2022-01-22
Census Tract,12001001806,White,11/2021,3,1.33333333333333,2022-01-22
Census Tract,12001001806,White,12/2021,5,2,2022-01-22
Census Tract,12001001806,White,01/2022,7,1.33333333333333,2022-01-22
Census Tract,12001001811,White,01/2020,6,2.33333333333333,2022-01-22
Census Tract,12001001811,White,02/2020,1,1.33333333333333,2022-01-22
Census Tract,12001001811,White,03/2020,1,1.33333333333333,2022-01-22
Census Tract,12001001811,White,04/2020,0,2,2022-01-22
Census Tract,12001001811,White,05/2020,0,2.33333333333333,2022-01-22
Census Tract,12001001811,White,06/2020,0,1.66666666666667,2022-01-22
Census Tract,12001001811,White,07/2020,0,1,2022-01-22
Census Tract,12001001811,White,08/2020,1,0.666666666666667,2022-01-22
Census Tract,12001001811,White,09/2020,3,0.333333333333333,2022-01-22
Census Tract,12001001811,White,10/2020,0,0.333333333333333,2022-01-22
Census Tract,12001001811,White,11/2020,1,0.333333333333333,2022-01-22
Census Tract,12001001811,White,12/2020,0,1.33333333333333,2022-01-22
Census Tract,12001001811,White,01/2021,0,2.33333333333333,2022-01-22
Census Tract,12001001811,White,02/2021,1,1.33333333333333,2022-01-22
Census Tract,12001001811,White,03/2021,0,1.33333333333333,2022-01-22
Census Tract,12001001811,White,04/2021,0,2,2022-01-22
Census Tract,12001001811,White,05/2021,1,2.33333333333333,2022-01-22
Census Tract,12001001811,White,06/2021,0,1.66666666666667,2022-01-22
Census Tract,12001001811,White,07/2021,0,1,2022-01-22
Census Tract,12001001811,White,08/2021,14,0.666666666666667,2022-01-22
Census Tract,12001001811,White,09/2021,2,0.333333333333333,2022-01-22
Census Tract,12001001811,White,10/2021,1,0.333333333333333,2022-01-22
Census Tract,12001001811,White,11/2021,3,0.333333333333333,2022-01-22
Census Tract,12001001811,White,12/2021,3,1.33333333333333,2022-01-22
Census Tract,12001001811,White,01/2022,6,1.66666666666667,2022-01-22
Census Tract,12001001813,White,01/2020,0,0,2022-01-22
Census Tract,12001001813,White,02/2020,1,0.333333333333333,2022-01-22
Census Tract,12001001813,White,03/2020,1,0,2022-01-22
Census Tract,12001001813,White,04/2020,0,0,2022-01-22
Census Tract,12001001813,White,05/2020,0,0.333333333333333,2022-01-22
Census Tract,12001001813,White,06/2020,0,0,2022-01-22
Census Tract,12001001813,White,07/2020,0,0,2022-01-22
Census Tract,12001001813,White,08/2020,0,0.333333333333333,2022-01-22
Census Tract,12001001813,White,09/2020,0,0,2022-01-22
Census Tract,12001001813,White,10/2020,0,0,2022-01-22
Census Tract,12001001813,White,11/2020,0,0,2022-01-22
Census Tract,12001001813,White,12/2020,0,0.333333333333333,2022-01-22
Census Tract,12001001813,White,01/2021,0,0,2022-01-22
Census Tract,12001001813,White,02/2021,0,0.333333333333333,2022-01-22
Census Tract,12001001813,White,03/2021,0,0,2022-01-22
Census Tract,12001001813,White,04/2021,0,0,2022-01-22
Census Tract,12001001813,White,05/2021,0,0.333333333333333,2022-01-22
Census Tract,12001001813,White,06/2021,0,0,2022-01-22
Census Tract,12001001813,White,07/2021,0,0,2022-01-22
Census Tract,12001001813,White,08/2021,0,0.333333333333333,2022-01-22
Census Tract,12001001813,White,09/2021,0,0,2022-01-22
Census Tract,12001001813,White,10/2021,0,0,2022-01-22
Census Tract,12001001813,White,11/2021,0,0,2022-01-22
Census Tract,12001001813,White,12/2021,0,0.333333333333333,2022-01-22
Census Tract,12001001813,White,01/2022,0,0,2022-01-22
Census Tract,12001001814,White,01/2020,0,0.333333333333333,2022-01-22
Census Tract,12001001814,White,02/2020,0,0,2022-01-22
Census Tract,12001001814,White,03/2020,0,0,2022-01-22
Census Tract,12001001814,White,04/2020,0,0,2022-01-22
Census Tract,12001001814,White,05/2020,1,0,2022-01-22
Census Tract,12001001814,White,06/2020,0,0,2022-01-22
Census Tract,12001001814,White,07/2020,0,0.333333333333333,2022-01-22
Census Tract,12001001814,White,08/2020,0,0,2022-01-22
Census Tract,12001001814,White,09/2020,0,0.333333333333333,2022-01-22
Census Tract,12001001814,White,10/2020,0,0,2022-01-22
Census Tract,12001001814,White,11/2020,0,0,2022-01-22
Census Tract,12001001814,White,12/2020,0,0,2022-01-22
Census Tract,12001001814,White,01/2021,0,0.333333333333333,2022-01-22
Census Tract,12001001814,White,02/2021,0,0,2022-01-22
Census Tract,12001001814,White,03/2021,0,0,2022-01-22
Census Tract,12001001814,White,04/2021,1,0,2022-01-22
Census Tract,12001001814,White,05/2021,0,0,2022-01-22
Census Tract,12001001814,White,06/2021,0,0,2022-01-22
Census Tract,12001001814,White,07/2021,0,0.333333333333333,2022-01-22
Census Tract,12001001814,White,08/2021,0,0,2022-01-22
Census Tract,12001001814,White,09/2021,0,0.333333333333333,2022-01-22
Census Tract,12001001814,White,10/2021,0,0,2022-01-22
Census Tract,12001001814,White,11/2021,0,0,2022-01-22
Census Tract,12001001814,White,12/2021,0,0,2022-01-22
Census Tract,12001001814,White,01/2022,0,0,2022-01-22
Census Tract,12001001902,Other,01/2020,0,10.6666666666667,2022-01-22
Census Tract,12001001902,Other,02/2020,6,8.66666666666667,2022-01-22
Census Tract,12001001902,Other,03/2020,2,4,2022-01-22
Census Tract,12001001902,Other,04/2020,0,5,2022-01-22
Census Tract,12001001902,Other,05/2020,0,6,2022-01-22
Census Tract,12001001902,Other,06/2020,0,5.33333333333333,2022-01-22
Census Tract,12001001902,Other,07/2020,0,8.66666666666667,2022-01-22
Census Tract,12001001902,Other,08/2020,0,5.66666666666667,2022-01-22
Census Tract,12001001902,Other,09/2020,5,4.33333333333333,2022-01-22
Census Tract,12001001902,Other,10/2020,2,3.66666666666667,2022-01-22
Census Tract,12001001902,Other,11/2020,0,5,2022-01-22
Census Tract,12001001902,Other,12/2020,1,6,2022-01-22
Census Tract,12001001902,Other,01/2021,3,10.6666666666667,2022-01-22
Census Tract,12001001902,Other,02/2021,1,8.66666666666667,2022-01-22
Census Tract,12001001902,Other,03/2021,0,4,2022-01-22
Census Tract,12001001902,Other,04/2021,0,5,2022-01-22
Census Tract,12001001902,Other,05/2021,1,6,2022-01-22
Census Tract,12001001902,Other,06/2021,0,5.33333333333333,2022-01-22
Census Tract,12001001902,Other,07/2021,11,8.66666666666667,2022-01-22
Census Tract,12001001902,Other,08/2021,9,5.66666666666667,2022-01-22
Census Tract,12001001902,Other,09/2021,5,4.33333333333333,2022-01-22
Census Tract,12001001902,Other,10/2021,1,3.66666666666667,2022-01-22
Census Tract,12001001902,Other,11/2021,1,5,2022-01-22
Census Tract,12001001902,Other,12/2021,1,6,2022-01-22
Census Tract,12001001902,Other,01/2022,2,7,2022-01-22
Census Tract,12001001907,White,01/2020,0,0.666666666666667,2022-01-22
Census Tract,12001001907,White,02/2020,1,0,2022-01-22
Census Tract,12001001907,White,03/2020,0,0,2022-01-22
Census Tract,12001001907,White,04/2020,0,0,2022-01-22
Census Tract,12001001907,White,05/2020,0,0,2022-01-22
Census Tract,12001001907,White,06/2020,1,1,2022-01-22
Census Tract,12001001907,White,07/2020,1,0,2022-01-22
Census Tract,12001001907,White,08/2020,1,0.333333333333333,2022-01-22
Census Tract,12001001907,White,09/2020,0,0.333333333333333,2022-01-22
Census Tract,12001001907,White,10/2020,0,0.666666666666667,2022-01-22
Census Tract,12001001907,White,11/2020,0,0.333333333333333,2022-01-22
Census Tract,12001001907,White,12/2020,0,0,2022-01-22
Census Tract,12001001907,White,01/2021,2,0.666666666666667,2022-01-22
Census Tract,12001001907,White,02/2021,1,0,2022-01-22
Census Tract,12001001907,White,03/2021,0,0,2022-01-22
Census Tract,12001001907,White,04/2021,2,0,2022-01-22
Census Tract,12001001907,White,05/2021,0,0,2022-01-22
Census Tract,12001001907,White,06/2021,1,1,2022-01-22
Census Tract,12001001907,White,07/2021,0,0,2022-01-22
Census Tract,12001001907,White,08/2021,0,0.333333333333333,2022-01-22
Census Tract,12001001907,White,09/2021,0,0.333333333333333,2022-01-22
Census Tract,12001001907,White,10/2021,1,0.666666666666667,2022-01-22
Census Tract,12001001907,White,11/2021,0,0.333333333333333,2022-01-22
Census Tract,12001001907,White,12/2021,0,0,2022-01-22
Census Tract,12001001907,White,01/2022,0,0.666666666666667,2022-01-22
Census Tract,12001001908,White,01/2020,0,0.666666666666667,2022-01-22
Census Tract,12001001908,White,02/2020,3,0.666666666666667,2022-01-22
Census Tract,12001001908,White,03/2020,0,2,2022-01-22
Census Tract,12001001908,White,04/2020,0,0.333333333333333,2022-01-22
Census Tract,12001001908,White,05/2020,0,0.666666666666667,2022-01-22
Census Tract,12001001908,White,06/2020,1,0,2022-01-22
Census Tract,12001001908,White,07/2020,0,0,2022-01-22
Census Tract,12001001908,White,08/2020,2,1.66666666666667,2022-01-22
Census Tract,12001001908,White,09/2020,3,0.333333333333333,2022-01-22
Census Tract,12001001908,White,10/2020,0,0,2022-01-22
Census Tract,12001001908,White,11/2020,0,0,2022-01-22
Census Tract,12001001908,White,12/2020,0,0.666666666666667,2022-01-22
Census Tract,12001001908,White,01/2021,1,0.666666666666667,2022-01-22
Census Tract,12001001908,White,02/2021,1,0.666666666666667,2022-01-22
Census Tract,12001001908,White,03/2021,0,2,2022-01-22
Census Tract,12001001908,White,04/2021,0,0.333333333333333,2022-01-22
Census Tract,12001001908,White,05/2021,1,0.666666666666667,2022-01-22
Census Tract,12001001908,White,06/2021,0,0,2022-01-22
Census Tract,12001001908,White,07/2021,0,0,2022-01-22
Census Tract,12001001908,White,08/2021,0,1.66666666666667,2022-01-22
Census Tract,12001001908,White,09/2021,3,0.333333333333333,2022-01-22
Census Tract,12001001908,White,10/2021,1,0,2022-01-22
Census Tract,12001001908,White,11/2021,0,0,2022-01-22
Census Tract,12001001908,White,12/2021,0,0.666666666666667,2022-01-22
Census Tract,12001001908,White,01/2022,0,0.666666666666667,2022-01-22
Census Tract,12001002000,White,01/2020,1,1,2022-01-22
Census Tract,12001002000,White,02/2020,0,1,2022-01-22
Census Tract,12001002000,White,03/2020,0,0.666666666666667,2022-01-22
Census Tract,12001002000,White,04/2020,0,0.666666666666667,2022-01-22
Census Tract,12001002000,White,05/2020,1,1.66666666666667,2022-01-22
Census Tract,12001002000,White,06/2020,1,3,2022-01-22
Census Tract,12001002000,White,07/2020,0,1.33333333333333,2022-01-22
Census Tract,12001002000,White,08/2020,4,2.66666666666667,2022-01-22
Census Tract,12001002000,White,09/2020,1,2.66666666666667,2022-01-22
Census Tract,12001002000,White,10/2020,0,1,2022-01-22
Census Tract,12001002000,White,11/2020,2,1.66666666666667,2022-01-22
Census Tract,12001002000,White,12/2020,1,1.33333333333333,2022-01-22
Census Tract,12001002000,White,01/2021,0,1,2022-01-22
Census Tract,12001002000,White,02/2021,1,1,2022-01-22
Census Tract,12001002000,White,03/2021,1,0.666666666666667,2022-01-22
Census Tract,12001002000,White,04/2021,1,0.666666666666667,2022-01-22
Census Tract,12001002000,White,05/2021,3,1.66666666666667,2022-01-22
Census Tract,12001002000,White,06/2021,0,3,2022-01-22
Census Tract,12001002000,White,07/2021,2,1.33333333333333,2022-01-22
Census Tract,12001002000,White,08/2021,2,2.66666666666667,2022-01-22
Census Tract,12001002000,White,09/2021,2,2.66666666666667,2022-01-22
Census Tract,12001002000,White,10/2021,0,1,2022-01-22
Census Tract,12001002000,White,11/2021,0,1.66666666666667,2022-01-22
Census Tract,12001002000,White,12/2021,1,1.33333333333333,2022-01-22
Census Tract,12001002000,White,01/2022,1,0.666666666666667,2022-01-22
Census Tract,12001002101,White,01/2020,0,0.333333333333333,2022-01-22
Census Tract,12001002101,White,02/2020,0,0.666666666666667,2022-01-22
Census Tract,12001002101,White,03/2020,0,0.333333333333333,2022-01-22
Census Tract,12001002101,White,04/2020,0,0.666666666666667,2022-01-22
Census Tract,12001002101,White,05/2020,0,0.333333333333333,2022-01-22
Census Tract,12001002101,White,06/2020,0,0,2022-01-22
Census Tract,12001002101,White,07/2020,0,0,2022-01-22
Census Tract,12001002101,White,08/2020,0,0.666666666666667,2022-01-22
Census Tract,12001002101,White,09/2020,0,1.33333333333333,2022-01-22
Census Tract,12001002101,White,10/2020,1,0.666666666666667,2022-01-22
Census Tract,12001002101,White,11/2020,0,1,2022-01-22
Census Tract,12001002101,White,12/2020,2,1.66666666666667,2022-01-22
Census Tract,12001002101,White,01/2021,0,0.333333333333333,2022-01-22
Census Tract,12001002101,White,02/2021,0,0.666666666666667,2022-01-22
Census Tract,12001002101,White,03/2021,0,0.333333333333333,2022-01-22
Census Tract,12001002101,White,04/2021,0,0.666666666666667,2022-01-22
Census Tract,12001002101,White,05/2021,1,0.333333333333333,2022-01-22
Census Tract,12001002101,White,06/2021,0,0,2022-01-22
Census Tract,12001002101,White,07/2021,0,0,2022-01-22
Census Tract,12001002101,White,08/2021,0,0.666666666666667,2022-01-22
Census Tract,12001002101,White,09/2021,1,1.33333333333333,2022-01-22
Census Tract,12001002101,White,10/2021,0,0.666666666666667,2022-01-22
Census Tract,12001002101,White,11/2021,0,1,2022-01-22
Census Tract,12001002101,White,12/2021,0,1.66666666666667,2022-01-22
Census Tract,12001002101,White,01/2022,1,0.333333333333333,2022-01-22
Census Tract,12001002102,White,01/2020,0,0,2022-01-22
Census Tract,12001002102,White,02/2020,0,0,2022-01-22
Census Tract,12001002102,White,03/2020,0,0,2022-01-22
Census Tract,12001002102,White,04/2020,0,1,2022-01-22
Census Tract,12001002102,White,05/2020,0,0,2022-01-22
Census Tract,12001002102,White,06/2020,0,0,2022-01-22
Census Tract,12001002102,White,07/2020,0,0.333333333333333,2022-01-22
Census Tract,12001002102,White,08/2020,0,0,2022-01-22
Census Tract,12001002102,White,09/2020,0,0,2022-01-22
Census Tract,12001002102,White,10/2020,0,0,2022-01-22
Census Tract,12001002102,White,11/2020,0,0,2022-01-22
Census Tract,12001002102,White,12/2020,0,0,2022-01-22
Census Tract,12001002102,White,01/2021,0,0,2022-01-22
Census Tract,12001002102,White,02/2021,1,0,2022-01-22
Census Tract,12001002102,White,03/2021,0,0,2022-01-22
Census Tract,12001002102,White,04/2021,0,1,2022-01-22
Census Tract,12001002102,White,05/2021,0,0,2022-01-22
Census Tract,12001002102,White,06/2021,1,0,2022-01-22
Census Tract,12001002102,White,07/2021,0,0.333333333333333,2022-01-22
Census Tract,12001002102,White,08/2021,0,0,2022-01-22
Census Tract,12001002102,White,09/2021,0,0,2022-01-22
Census Tract,12001002102,White,10/2021,0,0,2022-01-22
Census Tract,12001002102,White,11/2021,0,0,2022-01-22
Census Tract,12001002102,White,12/2021,0,0,2022-01-22
Census Tract,12001002102,White,01/2022,0,0,2022-01-22
Census Tract,12001002201,White,01/2020,1,1,2022-01-22
Census Tract,12001002201,White,02/2020,1,1,2022-01-22
Census Tract,12001002201,White,03/2020,2,1,2022-01-22
Census Tract,12001002201,White,04/2020,0,0.333333333333333,2022-01-22
Census Tract,12001002201,White,05/2020,0,1,2022-01-22
Census Tract,12001002201,White,06/2020,0,0.666666666666667,2022-01-22
Census Tract,12001002201,White,07/2020,0,2,2022-01-22
Census Tract,12001002201,White,08/2020,0,1.33333333333333,2022-01-22
Census Tract,12001002201,White,09/2020,1,0.333333333333333,2022-01-22
Census Tract,12001002201,White,10/2020,0,1.66666666666667,2022-01-22
Census Tract,12001002201,White,11/2020,5,1.66666666666667,2022-01-22
Census Tract,12001002201,White,12/2020,0,1.33333333333333,2022-01-22
Census Tract,12001002201,White,01/2021,2,1,2022-01-22
Census Tract,12001002201,White,02/2021,4,1,2022-01-22
Census Tract,12001002201,White,03/2021,2,1,2022-01-22
Census Tract,12001002201,White,04/2021,1,0.333333333333333,2022-01-22
Census Tract,12001002201,White,05/2021,0,1,2022-01-22
Census Tract,12001002201,White,06/2021,0,0.666666666666667,2022-01-22
Census Tract,12001002201,White,07/2021,3,2,2022-01-22
Census Tract,12001002201,White,08/2021,0,1.33333333333333,2022-01-22
Census Tract,12001002201,White,09/2021,3,0.333333333333333,2022-01-22
Census Tract,12001002201,White,10/2021,1,1.66666666666667,2022-01-22
Census Tract,12001002201,White,11/2021,0,1.66666666666667,2022-01-22
Census Tract,12001002201,White,12/2021,0,1.33333333333333,2022-01-22
Census Tract,12001002201,White,01/2022,0,0.333333333333333,2022-01-22
Census Tract,12001002202,White,01/2020,1,0.333333333333333,2022-01-22
Census Tract,12001002202,White,02/2020,1,0.666666666666667,2022-01-22
Census Tract,12001002202,White,03/2020,0,0.333333333333333,2022-01-22
Census Tract,12001002202,White,04/2020,0,0.333333333333333,2022-01-22
Census Tract,12001002202,White,05/2020,0,0,2022-01-22
Census Tract,12001002202,White,06/2020,0,0.333333333333333,2022-01-22
Census Tract,12001002202,White,07/2020,0,1,2022-01-22
Census Tract,12001002202,White,08/2020,0,0.333333333333333,2022-01-22
Census Tract,12001002202,White,09/2020,2,0,2022-01-22
Census Tract,12001002202,White,10/2020,0,0.333333333333333,2022-01-22
Census Tract,12001002202,White,11/2020,0,0.666666666666667,2022-01-22
Census Tract,12001002202,White,12/2020,0,0.666666666666667,2022-01-22
Census Tract,12001002202,White,01/2021,1,0.333333333333333,2022-01-22
Census Tract,12001002202,White,02/2021,0,0.666666666666667,2022-01-22
Census Tract,12001002202,White,03/2021,1,0.333333333333333,2022-01-22
Census Tract,12001002202,White,04/2021,0,0.333333333333333,2022-01-22
Census Tract,12001002202,White,05/2021,0,0,2022-01-22
Census Tract,12001002202,White,06/2021,0,0.333333333333333,2022-01-22
Census Tract,12001002202,White,07/2021,0,1,2022-01-22
Census Tract,12001002202,White,08/2021,0,0.333333333333333,2022-01-22
Census Tract,12001002202,White,09/2021,1,0,2022-01-22
Census Tract,12001002202,White,10/2021,0,0.333333333333333,2022-01-22
Census Tract,12001002202,White,11/2021,0,0.666666666666667,2022-01-22
Census Tract,12001002202,White,12/2021,0,0.666666666666667,2022-01-22
Census Tract,12001002202,White,01/2022,0,0,2022-01-22
Census Tract,12001002204,White,01/2020,2,1,2022-01-22
Census Tract,12001002204,White,02/2020,2,0.333333333333333,2022-01-22
Census Tract,12001002204,White,03/2020,2,0.666666666666667,2022-01-22
Census Tract,12001002204,White,04/2020,0,1,2022-01-22
Census Tract,12001002204,White,05/2020,0,0,2022-01-22
Census Tract,12001002204,White,06/2020,0,0.666666666666667,2022-01-22
Census Tract,12001002204,White,07/2020,0,2,2022-01-22
Census Tract,12001002204,White,08/2020,1,3.33333333333333,2022-01-22
Census Tract,12001002204,White,09/2020,0,1.66666666666667,2022-01-22
Census Tract,12001002204,White,10/2020,1,1.33333333333333,2022-01-22
Census Tract,12001002204,White,11/2020,2,1.33333333333333,2022-01-22
Census Tract,12001002204,White,12/2020,1,3.33333333333333,2022-01-22
Census Tract,12001002204,White,01/2021,1,1,2022-01-22
Census Tract,12001002204,White,02/2021,3,0.333333333333333,2022-01-22
Census Tract,12001002204,White,03/2021,0,0.666666666666667,2022-01-22
Census Tract,12001002204,White,04/2021,1,1,2022-01-22
Census Tract,12001002204,White,05/2021,0,0,2022-01-22
Census Tract,12001002204,White,06/2021,0,0.666666666666667,2022-01-22
Census Tract,12001002204,White,07/2021,0,2,2022-01-22
Census Tract,12001002204,White,08/2021,1,3.33333333333333,2022-01-22
Census Tract,12001002204,White,09/2021,1,1.66666666666667,2022-01-22
Census Tract,12001002204,White,10/2021,3,1.33333333333333,2022-01-22
Census Tract,12001002204,White,11/2021,1,1.33333333333333,2022-01-22
Census Tract,12001002204,White,12/2021,1,3.33333333333333,2022-01-22
Census Tract,12001002204,White,01/2022,0,0.666666666666667,2022-01-22
Census Tract,12001002205,White,01/2020,0,0,2022-01-22
Census Tract,12001002205,White,02/2020,0,1.33333333333333,2022-01-22
Census Tract,12001002205,White,03/2020,0,1,2022-01-22
Census Tract,12001002205,White,04/2020,0,1.33333333333333,2022-01-22
Census Tract,12001002205,White,05/2020,0,1,2022-01-22
Census Tract,12001002205,White,06/2020,0,1.33333333333333,2022-01-22
Census Tract,12001002205,White,07/2020,1,1.33333333333333,2022-01-22
Census Tract,12001002205,White,08/2020,0,0.333333333333333,2022-01-22
Census Tract,12001002205,White,09/2020,2,0.666666666666667,2022-01-22
Census Tract,12001002205,White,10/2020,0,1,2022-01-22
Census Tract,12001002205,White,11/2020,2,0,2022-01-22
Census Tract,12001002205,White,12/2020,1,0.666666666666667,2022-01-22
Census Tract,12001002205,White,01/2021,0,0,2022-01-22
Census Tract,12001002205,White,02/2021,0,1.33333333333333,2022-01-22
Census Tract,12001002205,White,03/2021,2,1,2022-01-22
Census Tract,12001002205,White,04/2021,0,1.33333333333333,2022-01-22
Census Tract,12001002205,White,05/2021,2,1,2022-01-22
Census Tract,12001002205,White,06/2021,1,1.33333333333333,2022-01-22
Census Tract,12001002205,White,07/2021,0,1.33333333333333,2022-01-22
Census Tract,12001002205,White,08/2021,0,0.333333333333333,2022-01-22
Census Tract,12001002205,White,09/2021,1,0.666666666666667,2022-01-22
Census Tract,12001002205,White,10/2021,1,1,2022-01-22
Census Tract,12001002205,White,11/2021,2,0,2022-01-22
Census Tract,12001002205,White,12/2021,5,0.666666666666667,2022-01-22
Census Tract,12001002205,White,01/2022,0,0,2022-01-22
Census Tract,12001002207,White,01/2020,0,0.333333333333333,2022-01-22
Census Tract,12001002207,White,02/2020,0,0.333333333333333,2022-01-22
Census Tract,12001002207,White,03/2020,0,0,2022-01-22
Census Tract,12001002207,White,04/2020,0,0,2022-01-22
Census Tract,12001002207,White,05/2020,0,0,2022-01-22
Census Tract,12001002207,White,06/2020,1,0,2022-01-22
Census Tract,12001002207,White,07/2020,0,0.666666666666667,2022-01-22
Census Tract,12001002207,White,08/2020,0,0,2022-01-22
Census Tract,12001002207,White,09/2020,0,0,2022-01-22
Census Tract,12001002207,White,10/2020,0,0,2022-01-22
Census Tract,12001002207,White,11/2020,0,0,2022-01-22
Census Tract,12001002207,White,12/2020,0,0,2022-01-22
Census Tract,12001002207,White,01/2021,0,0.333333333333333,2022-01-22
Census Tract,12001002207,White,02/2021,0,0.333333333333333,2022-01-22
Census Tract,12001002207,White,03/2021,0,0,2022-01-22
Census Tract,12001002207,White,04/2021,0,0,2022-01-22
Census Tract,12001002207,White,05/2021,0,0,2022-01-22
Census Tract,12001002207,White,06/2021,0,0,2022-01-22
Census Tract,12001002207,White,07/2021,0,0.666666666666667,2022-01-22
Census Tract,12001002207,White,08/2021,0,0,2022-01-22
Census Tract,12001002207,White,09/2021,0,0,2022-01-22
Census Tract,12001002207,White,10/2021,0,0,2022-01-22
Census Tract,12001002207,White,11/2021,0,0,2022-01-22
Census Tract,12001002207,White,12/2021,0,0,2022-01-22
Census Tract,12001002207,White,01/2022,0,0.333333333333333,2022-01-22
Census Tract,12001002208,White,01/2020,0,0,2022-01-22
Census Tract,12001002208,White,02/2020,3,0,2022-01-22
Census Tract,12001002208,White,03/2020,0,0,2022-01-22
Census Tract,12001002208,White,04/2020,0,0,2022-01-22
Census Tract,12001002208,White,05/2020,0,0,2022-01-22
Census Tract,12001002208,White,06/2020,0,0,2022-01-22
Census Tract,12001002208,White,07/2020,0,0,2022-01-22
Census Tract,12001002208,White,08/2020,1,0,2022-01-22
Census Tract,12001002208,White,09/2020,0,0,2022-01-22
Census Tract,12001002208,White,10/2020,1,0.333333333333333,2022-01-22
Census Tract,12001002208,White,11/2020,0,0,2022-01-22
Census Tract,12001002208,White,12/2020,3,0,2022-01-22
Census Tract,12001002208,White,01/2021,0,0,2022-01-22
Census Tract,12001002208,White,02/2021,0,0,2022-01-22
Census Tract,12001002208,White,03/2021,0,0,2022-01-22
Census Tract,12001002208,White,04/2021,0,0,2022-01-22
Census Tract,12001002208,White,05/2021,0,0,2022-01-22
Census Tract,12001002208,White,06/2021,0,0,2022-01-22
Census Tract,12001002208,White,07/2021,0,0,2022-01-22
Census Tract,12001002208,White,08/2021,0,0,2022-01-22
Census Tract,12001002208,White,09/2021,2,0,2022-01-22
Census Tract,12001002208,White,10/2021,0,0.333333333333333,2022-01-22
Census Tract,12001002208,White,11/2021,0,0,2022-01-22
Census Tract,12001002208,White,12/2021,1,0,2022-01-22
Census Tract,12001002208,White,01/2022,0,0,2022-01-22
Census Tract,12001002209,White,01/2020,1,1.33333333333333,2022-01-22
Census Tract,12001002209,White,02/2020,5,1.33333333333333,2022-01-22
Census Tract,12001002209,White,03/2020,2,2.33333333333333,2022-01-22
Census Tract,12001002209,White,04/2020,1,1,2022-01-22
Census Tract,12001002209,White,05/2020,0,1,2022-01-22
Census Tract,12001002209,White,06/2020,1,2.66666666666667,2022-01-22
Census Tract,12001002209,White,07/2020,0,5,2022-01-22
Census Tract,12001002209,White,08/2020,0,2,2022-01-22
Census Tract,12001002209,White,09/2020,3,2.33333333333333,2022-01-22
Census Tract,12001002209,White,10/2020,3,1,2022-01-22
Census Tract,12001002209,White,11/2020,0,1.33333333333333,2022-01-22
Census Tract,12001002209,White,12/2020,1,1.33333333333333,2022-01-22
Census Tract,12001002209,White,01/2021,2,1.33333333333333,2022-01-22
Census Tract,12001002209,White,02/2021,4,1.33333333333333,2022-01-22
Census Tract,12001002209,White,03/2021,0,2.33333333333333,2022-01-22
Census Tract,12001002209,White,04/2021,1,1,2022-01-22
Census Tract,12001002209,White,05/2021,1,1,2022-01-22
Census Tract,12001002209,White,06/2021,0,2.66666666666667,2022-01-22
Census Tract,12001002209,White,07/2021,3,5,2022-01-22
Census Tract,12001002209,White,08/2021,0,2,2022-01-22
Census Tract,12001002209,White,09/2021,2,2.33333333333333,2022-01-22
Census Tract,12001002209,White,10/2021,1,1,2022-01-22
Census Tract,12001002209,White,11/2021,2,1.33333333333333,2022-01-22
Census Tract,12001002209,White,12/2021,1,1.33333333333333,2022-01-22
Census Tract,12001002209,White,01/2022,1,1,2022-01-22
Census Tract,12001002210,White,01/2020,1,2.66666666666667,2022-01-22
Census Tract,12001002210,White,02/2020,2,1.66666666666667,2022-01-22
Census Tract,12001002210,White,03/2020,2,0.666666666666667,2022-01-22
Census Tract,12001002210,White,04/2020,0,0.666666666666667,2022-01-22
Census Tract,12001002210,White,05/2020,0,1,2022-01-22
Census Tract,12001002210,White,06/2020,0,1,2022-01-22
Census Tract,12001002210,White,07/2020,0,1,2022-01-22
Census Tract,12001002210,White,08/2020,3,1,2022-01-22
Census Tract,12001002210,White,09/2020,0,1,2022-01-22
Census Tract,12001002210,White,10/2020,1,0.666666666666667,2022-01-22
Census Tract,12001002210,White,11/2020,0,1.66666666666667,2022-01-22
Census Tract,12001002210,White,12/2020,0,1,2022-01-22
Census Tract,12001002210,White,01/2021,0,2.66666666666667,2022-01-22
Census Tract,12001002210,White,02/2021,2,1.66666666666667,2022-01-22
Census Tract,12001002210,White,03/2021,0,0.666666666666667,2022-01-22
Census Tract,12001002210,White,04/2021,1,0.666666666666667,2022-01-22
Census Tract,12001002210,White,05/2021,0,1,2022-01-22
Census Tract,12001002210,White,06/2021,1,1,2022-01-22
Census Tract,12001002210,White,07/2021,1,1,2022-01-22
Census Tract,12001002210,White,08/2021,2,1,2022-01-22
Census Tract,12001002210,White,09/2021,3,1,2022-01-22
Census Tract,12001002210,White,10/2021,1,0.666666666666667,2022-01-22
Census Tract,12001002210,White,11/2021,0,1.66666666666667,2022-01-22
Census Tract,12001002210,White,12/2021,0,1,2022-01-22
Census Tract,12001002210,White,01/2022,0,1,2022-01-22
Census Tract,12001002217,Other,01/2020,10,20.6666666666667,2022-01-22
Census Tract,12001002217,Other,02/2020,13,14,2022-01-22
Census Tract,12001002217,Other,03/2020,6,13.3333333333333,2022-01-22
Census Tract,12001002217,Other,04/2020,1,14.6666666666667,2022-01-22
Census Tract,12001002217,Other,05/2020,3,15.3333333333333,2022-01-22
Census Tract,12001002217,Other,06/2020,1,21,2022-01-22
Census Tract,12001002217,Other,07/2020,6,21,2022-01-22
Census Tract,12001002217,Other,08/2020,11,19.6666666666667,2022-01-22
Census Tract,12001002217,Other,09/2020,10,18.3333333333333,2022-01-22
Census Tract,12001002217,Other,10/2020,18,18.6666666666667,2022-01-22
Census Tract,12001002217,Other,11/2020,6,16,2022-01-22
Census Tract,12001002217,Other,12/2020,13,17.3333333333333,2022-01-22
Census Tract,12001002217,Other,01/2021,16,20.6666666666667,2022-01-22
Census Tract,12001002217,Other,02/2021,13,14,2022-01-22
Census Tract,12001002217,Other,03/2021,2,13.3333333333333,2022-01-22
Census Tract,12001002217,Other,04/2021,5,14.6666666666667,2022-01-22
Census Tract,12001002217,Other,05/2021,4,15.3333333333333,2022-01-22
Census Tract,12001002217,Other,06/2021,9,21,2022-01-22
Census Tract,12001002217,Other,07/2021,10,21,2022-01-22
Census Tract,12001002217,Other,08/2021,10,19.6666666666667,2022-01-22
Census Tract,12001002217,Other,09/2021,20,18.3333333333333,2022-01-22
Census Tract,12001002217,Other,10/2021,3,18.6666666666667,2022-01-22
Census Tract,12001002217,Other,11/2021,11,16,2022-01-22
Census Tract,12001002217,Other,12/2021,10,17.3333333333333,2022-01-22
Census Tract,12001002217,Other,01/2022,14,17.3333333333333,2022-01-22
Census Tract,12001002218,Black,01/2020,3,11.3333333333333,2022-01-22
Census Tract,12001002218,Black,02/2020,5,5.66666666666667,2022-01-22
Census Tract,12001002218,Black,03/2020,1,4,2022-01-22
Census Tract,12001002218,Black,04/2020,0,9,2022-01-22
Census Tract,12001002218,Black,05/2020,3,6.66666666666667,2022-01-22
Census Tract,12001002218,Black,06/2020,1,7.33333333333333,2022-01-22
Census Tract,12001002218,Black,07/2020,2,7.66666666666667,2022-01-22
Census Tract,12001002218,Black,08/2020,5,6,2022-01-22
Census Tract,12001002218,Black,09/2020,4,8,2022-01-22
Census Tract,12001002218,Black,10/2020,7,6.66666666666667,2022-01-22
Census Tract,12001002218,Black,11/2020,3,7,2022-01-22
Census Tract,12001002218,Black,12/2020,5,6,2022-01-22
Census Tract,12001002218,Black,01/2021,3,11.3333333333333,2022-01-22
Census Tract,12001002218,Black,02/2021,1,5.66666666666667,2022-01-22
Census Tract,12001002218,Black,03/2021,4,4,2022-01-22
Census Tract,12001002218,Black,04/2021,1,9,2022-01-22
Census Tract,12001002218,Black,05/2021,3,6.66666666666667,2022-01-22
Census Tract,12001002218,Black,06/2021,2,7.33333333333333,2022-01-22
Census Tract,12001002218,Black,07/2021,3,7.66666666666667,2022-01-22
Census Tract,12001002218,Black,08/2021,3,6,2022-01-22
Census Tract,12001002218,Black,09/2021,5,8,2022-01-22
Census Tract,12001002218,Black,10/2021,2,6.66666666666667,2022-01-22
Census Tract,12001002218,Black,11/2021,1,7,2022-01-22
Census Tract,12001002218,Black,12/2021,3,6,2022-01-22
Census Tract,12001002218,Black,01/2022,2,8.33333333333333,2022-01-22
Census Tract,12001002219,Other,01/2020,3,8.33333333333333,2022-01-22
Census Tract,12001002219,Other,02/2020,6,5.33333333333333,2022-01-22
Census Tract,12001002219,Other,03/2020,6,4.66666666666667,2022-01-22
Census Tract,12001002219,Other,04/2020,3,5.66666666666667,2022-01-22
Census Tract,12001002219,Other,05/2020,1,5.33333333333333,2022-01-22
Census Tract,12001002219,Other,06/2020,1,7,2022-01-22
Census Tract,12001002219,Other,07/2020,2,7.33333333333333,2022-01-22
Census Tract,12001002219,Other,08/2020,1,7.66666666666667,2022-01-22
Census Tract,12001002219,Other,09/2020,8,5.33333333333333,2022-01-22
Census Tract,12001002219,Other,10/2020,12,5.66666666666667,2022-01-22
Census Tract,12001002219,Other,11/2020,5,4.33333333333333,2022-01-22
Census Tract,12001002219,Other,12/2020,3,6.33333333333333,2022-01-22
Census Tract,12001002219,Other,01/2021,4,8.33333333333333,2022-01-22
Census Tract,12001002219,Other,02/2021,9,5.33333333333333,2022-01-22
Census Tract,12001002219,Other,03/2021,1,4.66666666666667,2022-01-22
Census Tract,12001002219,Other,04/2021,3,5.66666666666667,2022-01-22
Census Tract,12001002219,Other,05/2021,5,5.33333333333333,2022-01-22
Census Tract,12001002219,Other,06/2021,6,7,2022-01-22
Census Tract,12001002219,Other,07/2021,1,7.33333333333333,2022-01-22
Census Tract,12001002219,Other,08/2021,1,7.66666666666667,2022-01-22
Census Tract,12001002219,Other,09/2021,2,5.33333333333333,2022-01-22
Census Tract,12001002219,Other,10/2021,7,5.66666666666667,2022-01-22
Census Tract,12001002219,Other,11/2021,7,4.33333333333333,2022-01-22
Census Tract,12001002219,Other,12/2021,7,6.33333333333333,2022-01-22
Census Tract,12001002219,Other,01/2022,4,6.66666666666667,2022-01-22
Census Tract,12001002220,White,01/2020,1,3.66666666666667,2022-01-22
Census Tract,12001002220,White,02/2020,2,2.33333333333333,2022-01-22
Census Tract,12001002220,White,03/2020,2,0.666666666666667,2022-01-22
Census Tract,12001002220,White,04/2020,0,2.33333333333333,2022-01-22
Census Tract,12001002220,White,05/2020,1,3,2022-01-22
Census Tract,12001002220,White,06/2020,1,2,2022-01-22
Census Tract,12001002220,White,07/2020,0,3.33333333333333,2022-01-22
Census Tract,12001002220,White,08/2020,1,2.33333333333333,2022-01-22
Census Tract,12001002220,White,09/2020,2,3.33333333333333,2022-01-22
Census Tract,12001002220,White,10/2020,0,2.66666666666667,2022-01-22
Census Tract,12001002220,White,11/2020,1,2,2022-01-22
Census Tract,12001002220,White,12/2020,0,1.33333333333333,2022-01-22
Census Tract,12001002220,White,01/2021,7,3.66666666666667,2022-01-22
Census Tract,12001002220,White,02/2021,3,2.33333333333333,2022-01-22
Census Tract,12001002220,White,03/2021,6,0.666666666666667,2022-01-22
Census Tract,12001002220,White,04/2021,2,2.33333333333333,2022-01-22
Census Tract,12001002220,White,05/2021,3,3,2022-01-22
Census Tract,12001002220,White,06/2021,8,2,2022-01-22
Census Tract,12001002220,White,07/2021,1,3.33333333333333,2022-01-22
Census Tract,12001002220,White,08/2021,3,2.33333333333333,2022-01-22
Census Tract,12001002220,White,09/2021,7,3.33333333333333,2022-01-22
Census Tract,12001002220,White,10/2021,0,2.66666666666667,2022-01-22
Census Tract,12001002220,White,11/2021,2,2,2022-01-22
Census Tract,12001002220,White,12/2021,4,1.33333333333333,2022-01-22
Census Tract,12001002220,White,01/2022,6,2,2022-01-22
Census Tract,12001110800,White,01/2020,1,0.333333333333333,2022-01-22
Census Tract,12001110800,White,02/2020,0,0.333333333333333,2022-01-22
Census Tract,12001110800,White,03/2020,0,0,2022-01-22
Census Tract,12001110800,White,04/2020,0,0,2022-01-22
Census Tract,12001110800,White,05/2020,0,0,2022-01-22
Census Tract,12001110800,White,06/2020,0,0,2022-01-22
Census Tract,12001110800,White,07/2020,0,0,2022-01-22
Census Tract,12001110800,White,08/2020,0,0,2022-01-22
Census Tract,12001110800,White,09/2020,0,0,2022-01-22
Census Tract,12001110800,White,10/2020,0,0,2022-01-22
Census Tract,12001110800,White,11/2020,0,0,2022-01-22
Census Tract,12001110800,White,12/2020,0,0,2022-01-22
Census Tract,12001110800,White,01/2021,0,0.333333333333333,2022-01-22
Census Tract,12001110800,White,02/2021,2,0.333333333333333,2022-01-22
Census Tract,12001110800,White,03/2021,0,0,2022-01-22
Census Tract,12001110800,White,04/2021,0,0,2022-01-22
Census Tract,12001110800,White,05/2021,0,0,2022-01-22
Census Tract,12001110800,White,06/2021,0,0,2022-01-22
Census Tract,12001110800,White,07/2021,1,0,2022-01-22
Census Tract,12001110800,White,08/2021,0,0,2022-01-22
Census Tract,12001110800,White,09/2021,0,0,2022-01-22
Census Tract,12001110800,White,10/2021,0,0,2022-01-22
Census Tract,12001110800,White,11/2021,1,0,2022-01-22
Census Tract,12001110800,White,12/2021,0,0,2022-01-22
Census Tract,12001110800,White,01/2022,1,0.333333333333333,2022-01-22
Census Tract,sealed,,01/2020,37,4.66666666666667,2022-01-22
Census Tract,sealed,,02/2020,16,5.33333333333333,2022-01-22
Census Tract,sealed,,03/2020,4,4.33333333333333,2022-01-22
Census Tract,sealed,,04/2020,2,5,2022-01-22
Census Tract,sealed,,05/2020,1,4,2022-01-22
Census Tract,sealed,,06/2020,4,3,2022-01-22
Census Tract,sealed,,07/2020,4,7,2022-01-22
Census Tract,sealed,,08/2020,9,4.33333333333333,2022-01-22
Census Tract,sealed,,09/2020,6,6.33333333333333,2022-01-22
Census Tract,sealed,,10/2020,6,5,2022-01-22
Census Tract,sealed,,11/2020,11,5,2022-01-22
Census Tract,sealed,,12/2020,2,7,2022-01-22
Census Tract,sealed,,01/2021,8,4.66666666666667,2022-01-22
Census Tract,sealed,,02/2021,5,5.33333333333333,2022-01-22
Census Tract,sealed,,03/2021,5,4.33333333333333,2022-01-22
Census Tract,sealed,,04/2021,5,5,2022-01-22
Census Tract,sealed,,05/2021,10,4,2022-01-22
Census Tract,sealed,,06/2021,8,3,2022-01-22
Census Tract,sealed,,07/2021,9,7,2022-01-22
Census Tract,sealed,,08/2021,2,4.33333333333333,2022-01-22
Census Tract,sealed,,09/2021,6,6.33333333333333,2022-01-22
Census Tract,sealed,,10/2021,7,5,2022-01-22
Census Tract,sealed,,11/2021,8,5,2022-01-22
Census Tract,sealed,,12/2021,12,7,2022-01-22
Census Tract,sealed,,01/2022,1,3.66666666666667,2022-01-22
