cofips,state,county,
0,,the United States,
01001,AL,Autauga County,
01003,AL,Baldwin County,
01005,AL,Barbour County,
01007,AL,Bibb County,
01009,AL,Blount County,
01011,AL,Bullock County,
01013,AL,Butler County,
01015,AL,Calhoun County,
01017,AL,Chambers County,
01019,AL,Cherokee County,
01021,AL,Chilton County,
01023,AL,Choctaw County,
01025,AL,Clarke County,
01027,AL,Clay County,
01029,AL,Cleburne County,
01031,AL,Coffee County,
01033,AL,Colbert County,
01035,AL,Conecuh County,
01037,AL,Coosa County,
01039,AL,Covington County,
01041,AL,Crenshaw County,
01043,AL,Cullman County,
01045,AL,Dale County,
01047,AL,Dallas County,
01049,AL,DeKalb County,
01051,AL,Elmore County,
01053,AL,Escambia County,
01055,AL,Etowah County,
01057,AL,Fayette County,
01059,AL,Franklin County,
01061,AL,Geneva County,
01063,AL,Greene County,
01065,AL,Hale County,
01067,AL,Henry County,
01069,AL,Houston County,
01071,AL,Jackson County,
01073,AL,Jefferson County,
01075,AL,Lamar County,
01077,AL,Lauderdale County,
01079,AL,Lawrence County,
01081,AL,Lee County,
01083,AL,Limestone County,
01085,AL,Lowndes County,
01087,AL,Macon County,
01089,AL,Madison County,
01091,AL,Marengo County,
01093,AL,Marion County,
01095,AL,Marshall County,
01097,AL,Mobile County,
01099,AL,Monroe County,
01101,AL,Montgomery County,
01103,AL,Morgan County,
01105,AL,Perry County,
01107,AL,Pickens County,
01109,AL,Pike County,
01111,AL,Randolph County,
01113,AL,Russell County,
01115,AL,St. Clair County,
01119,AL,Sumter County,
01121,AL,Talladega County,
01123,AL,Tallapoosa County,
01125,AL,Tuscaloosa County,
01127,AL,Walker County,
01129,AL,Washington County,
01131,AL,Wilcox County,
01133,AL,Winston County,
04001,AZ,Apache County,
04011,AZ,Greenlee County,
04017,AZ,Navajo County,
04019,AZ,Pima County,
05009,AR,Boone County,
05015,AR,Carroll County,
05043,AR,Drew County,
05087,AR,Madison County,
05101,AR,Newton County,
05135,AR,Sharp County,
05139,AR,Union County,
06007,CA,Butte County,
06011,CA,Colusa County,
06017,CA,El Dorado County,
06021,CA,Glenn County,
06033,CA,Lake County,
06035,CA,Lassen County,
06049,CA,Modoc County,
06063,CA,Plumas County,
06091,CA,Sierra County,
06105,CA,Trinity County,
08001,CO,Adams County,
08005,CO,Arapahoe County,
08007,CO,Archuleta County,
08009,CO,Baca County,
08011,CO,Bent County,
08015,CO,Chaffee County,
08017,CO,Cheyenne County,
08019,CO,Clear Creek County,
08021,CO,Conejos County,
08023,CO,Costilla County,
08025,CO,Crowley County,
08027,CO,Custer County,
08031,CO,Denver County,
08033,CO,Dolores County,
08035,CO,Douglas County,
08039,CO,Elbert County,
08043,CO,Fremont County,
08045,CO,Garfield County,
08047,CO,Gilpin County,
08051,CO,Gunnison County,
08053,CO,Hinsdale County,
08055,CO,Huerfano County,
08059,CO,Jefferson County,
08061,CO,Kiowa County,
08063,CO,Kit Carson County,
08073,CO,Lincoln County,
08077,CO,Mesa County,
08083,CO,Montezuma County,
08085,CO,Montrose County,
08087,CO,Morgan County,
08089,CO,Otero County,
08091,CO,Ouray County,
08095,CO,Phillips County,
08097,CO,Pitkin County,
08099,CO,Prowers County,
08103,CO,Rio Blanco County,
08109,CO,Saguache County,
08111,CO,San Juan County,
08113,CO,San Miguel County,
08115,CO,Sedgwick County,
08119,CO,Teller County,
08121,CO,Washington County,
08125,CO,Yuma County,
09003,CT,Hartford County,
10001,DE,Kent County,
10003,DE,New Castle County,
10005,DE,Sussex County,
12001,FL,Alachua County,
12005,FL,Bay County,
12009,FL,Brevard County,
12015,FL,Charlotte County,
12029,FL,Dixie County,
12031,FL,Duval County,
12047,FL,Hamilton County,
12057,FL,Hillsborough County,
12067,FL,Lafayette County,
12069,FL,Lake County,
12073,FL,Leon County,
12077,FL,Liberty County,
12081,FL,Manatee County,
12086,FL,Miami-Dade County,
12097,FL,Osceola County,
12099,FL,Palm Beach County,
12103,FL,Pinellas County,
12105,FL,Polk County,
12115,FL,Sarasota County,
12121,FL,Suwannee County,
13009,GA,Baldwin County,
13015,GA,Bartow County,
13021,GA,Bibb County,
13023,GA,Bleckley County,
13043,GA,Candler County,
13047,GA,Catoosa County,
13055,GA,Chattooga County,
13065,GA,Clinch County,
13075,GA,Cook County,
13077,GA,Coweta County,
13083,GA,Dade County,
13089,GA,DeKalb County,
13093,GA,Dooly County,
13101,GA,Echols County,
13103,GA,Effingham County,
13109,GA,Evans County,
13115,GA,Floyd County,
13119,GA,Franklin County,
13129,GA,Gordon County,
13135,GA,Gwinnett County,
13143,GA,Haralson County,
13149,GA,Heard County,
13151,GA,Henry County,
13153,GA,Houston County,
13159,GA,Jasper County,
13161,GA,Jeff Davis County,
13175,GA,Laurens County,
13211,GA,Morgan County,
13219,GA,Oconee County,
13223,GA,Paulding County,
13225,GA,Peach County,
13233,GA,Polk County,
13235,GA,Pulaski County,
13237,GA,Putnam County,
13247,GA,Rockdale County,
13249,GA,Schley County,
13255,GA,Spalding County,
13263,GA,Talbot County,
13265,GA,Taliaferro County,
13267,GA,Tattnall County,
13285,GA,Troup County,
13295,GA,Walker County,
13303,GA,Washington County,
13317,GA,Wilkes County,
17005,IL,Bond County,
17047,IL,Edwards County,
17089,IL,Kane County,
17119,IL,Madison County,
17137,IL,Morgan County,
17139,IL,Moultrie County,
17147,IL,Piatt County,
18007,IN,Benton County,
18009,IN,Blackford County,
18033,IN,DeKalb County,
18057,IN,Hamilton County,
18127,IN,Porter County,
18141,IN,St. Joseph County,
18161,IN,Union County,
18163,IN,Vanderburgh County,
19001,IA,Adair County,
19003,IA,Adams County,
19005,IA,Allamakee County,
19007,IA,Appanoose County,
19009,IA,Audubon County,
19011,IA,Benton County,
19013,IA,Black Hawk County,
19015,IA,Boone County,
19017,IA,Bremer County,
19019,IA,Buchanan County,
19021,IA,Buena Vista County,
19023,IA,Butler County,
19025,IA,Calhoun County,
19027,IA,Carroll County,
19029,IA,Cass County,
19031,IA,Cedar County,
19033,IA,Cerro Gordo County,
19035,IA,Cherokee County,
19037,IA,Chickasaw County,
19039,IA,Clarke County,
19041,IA,Clay County,
19043,IA,Clayton County,
19045,IA,Clinton County,
19047,IA,Crawford County,
19049,IA,Dallas County,
19051,IA,Davis County,
19053,IA,Decatur County,
19055,IA,Delaware County,
19057,IA,Des Moines County,
19059,IA,Dickinson County,
19061,IA,Dubuque County,
19063,IA,Emmet County,
19065,IA,Fayette County,
19067,IA,Floyd County,
19069,IA,Franklin County,
19071,IA,Fremont County,
19073,IA,Greene County,
19075,IA,Grundy County,
19077,IA,Guthrie County,
19079,IA,Hamilton County,
19081,IA,Hancock County,
19083,IA,Hardin County,
19085,IA,Harrison County,
19087,IA,Henry County,
19089,IA,Howard County,
19091,IA,Humboldt County,
19093,IA,Ida County,
19095,IA,Iowa County,
19097,IA,Jackson County,
19099,IA,Jasper County,
19101,IA,Jefferson County,
19103,IA,Johnson County,
19105,IA,Jones County,
19107,IA,Keokuk County,
19109,IA,Kossuth County,
19111,IA,Lee County,
19113,IA,Linn County,
19115,IA,Louisa County,
19117,IA,Lucas County,
19119,IA,Lyon County,
19121,IA,Madison County,
19123,IA,Mahaska County,
19125,IA,Marion County,
19127,IA,Marshall County,
19129,IA,Mills County,
19131,IA,Mitchell County,
19133,IA,Monona County,
19135,IA,Monroe County,
19137,IA,Montgomery County,
19139,IA,Muscatine County,
19141,IA,O'Brien County,
19143,IA,Osceola County,
19145,IA,Page County,
19147,IA,Palo Alto County,
19149,IA,Plymouth County,
19151,IA,Pocahontas County,
19155,IA,Pottawattamie County,
19157,IA,Poweshiek County,
19159,IA,Ringgold County,
19161,IA,Sac County,
19163,IA,Scott County,
19165,IA,Shelby County,
19167,IA,Sioux County,
19169,IA,Story County,
19171,IA,Tama County,
19173,IA,Taylor County,
19175,IA,Union County,
19177,IA,Van Buren County,
19179,IA,Wapello County,
19181,IA,Warren County,
19183,IA,Washington County,
19185,IA,Wayne County,
19187,IA,Webster County,
19189,IA,Winnebago County,
19191,IA,Winneshiek County,
19193,IA,Woodbury County,
19195,IA,Worth County,
19197,IA,Wright County,
20209,KS,Wyandotte County,
21001,KY,Adair County,
21003,KY,Allen County,
21007,KY,Ballard County,
21009,KY,Barren County,
21023,KY,Bracken County,
21025,KY,Breathitt County,
21031,KY,Butler County,
21033,KY,Caldwell County,
21035,KY,Calloway County,
21039,KY,Carlisle County,
21043,KY,Carter County,
21045,KY,Casey County,
21053,KY,Clinton County,
21055,KY,Crittenden County,
21057,KY,Cumberland County,
21061,KY,Edmonson County,
21063,KY,Elliott County,
21067,KY,Fayette County,
21069,KY,Fleming County,
21075,KY,Fulton County,
21079,KY,Garrard County,
21087,KY,Green County,
21091,KY,Hancock County,
21111,KY,Jefferson County,
21119,KY,Knott County,
21121,KY,Knox County,
21123,KY,Larue County,
21125,KY,Laurel County,
21127,KY,Lawrence County,
21131,KY,Leslie County,
21137,KY,Lincoln County,
21141,KY,Logan County,
21143,KY,Lyon County,
21149,KY,McLean County,
21155,KY,Marion County,
21157,KY,Marshall County,
21169,KY,Metcalfe County,
21171,KY,Monroe County,
21175,KY,Morgan County,
21177,KY,Muhlenberg County,
21183,KY,Ohio County,
21189,KY,Owsley County,
21201,KY,Robertson County,
21207,KY,Russell County,
21213,KY,Simpson County,
21217,KY,Taylor County,
21219,KY,Todd County,
21221,KY,Trigg County,
21227,KY,Warren County,
21229,KY,Washington County,
21231,KY,Wayne County,
21233,KY,Webster County,
21237,KY,Wolfe County,
23001,ME,Androscoggin County,
23011,ME,Kennebec County,
23013,ME,Knox County,
23017,ME,Oxford County,
23021,ME,Piscataquis County,
23023,ME,Sagadahoc County,
23025,ME,Somerset County,
23027,ME,Waldo County,
23029,ME,Washington County,
25001,MA,Barnstable County,
25003,MA,Berkshire County,
25007,MA,Dukes County,
25009,MA,Essex County,
25011,MA,Franklin County,
25013,MA,Hampden County,
25015,MA,Hampshire County,
25017,MA,Middlesex County,
25021,MA,Norfolk County,
25025,MA,Suffolk County,
25027,MA,Worcester County,
26003,MI,Alger County,
26005,MI,Allegan County,
26013,MI,Baraga County,
26023,MI,Branch County,
26027,MI,Cass County,
26037,MI,Clinton County,
26045,MI,Eaton County,
26057,MI,Gratiot County,
26073,MI,Isabella County,
26075,MI,Jackson County,
26087,MI,Lapeer County,
26089,MI,Leelanau County,
26091,MI,Lenawee County,
26095,MI,Luce County,
26097,MI,Mackinac County,
26109,MI,Menominee County,
26115,MI,Monroe County,
26117,MI,Montcalm County,
26119,MI,Montmorency County,
26121,MI,Muskegon County,
26123,MI,Newaygo County,
26131,MI,Ontonagon County,
26139,MI,Ottawa County,
26155,MI,Shiawassee County,
26159,MI,Van Buren County,
26161,MI,Washtenaw County,
27003,MN,Anoka County,
27011,MN,Big Stone County,
27015,MN,Brown County,
27019,MN,Carver County,
27021,MN,Cass County,
27029,MN,Clearwater County,
27031,MN,Cook County,
27037,MN,Dakota County,
27039,MN,Dodge County,
27043,MN,Faribault County,
27045,MN,Fillmore County,
27047,MN,Freeborn County,
27049,MN,Goodhue County,
27051,MN,Grant County,
27055,MN,Houston County,
27057,MN,Hubbard County,
27059,MN,Isanti County,
27063,MN,Jackson County,
27065,MN,Kanabec County,
27071,MN,Koochiching County,
27073,MN,Lac qui Parle County,
27075,MN,Lake County,
27077,MN,Lake of the Woods County,
27079,MN,Le Sueur County,
27085,MN,McLeod County,
27089,MN,Marshall County,
27091,MN,Martin County,
27093,MN,Meeker County,
27095,MN,Mille Lacs County,
27099,MN,Mower County,
27101,MN,Murray County,
27103,MN,Nicollet County,
27105,MN,Nobles County,
27107,MN,Norman County,
27109,MN,Olmsted County,
27115,MN,Pine County,
27117,MN,Pipestone County,
27119,MN,Polk County,
27121,MN,Pope County,
27129,MN,Renville County,
27131,MN,Rice County,
27133,MN,Rock County,
27135,MN,Roseau County,
27141,MN,Sherburne County,
27143,MN,Sibley County,
27147,MN,Steele County,
27149,MN,Stevens County,
27153,MN,Todd County,
27157,MN,Wabasha County,
27161,MN,Waseca County,
27163,MN,Washington County,
27165,MN,Watonwan County,
27167,MN,Wilkin County,
27169,MN,Winona County,
27171,MN,Wright County,
27173,MN,Yellow Medicine County,
29001,MO,Adair County,
29003,MO,Andrew County,
29005,MO,Atchison County,
29007,MO,Audrain County,
29011,MO,Barton County,
29013,MO,Bates County,
29015,MO,Benton County,
29017,MO,Bollinger County,
29019,MO,Boone County,
29021,MO,Buchanan County,
29023,MO,Butler County,
29025,MO,Caldwell County,
29027,MO,Callaway County,
29029,MO,Camden County,
29033,MO,Carroll County,
29035,MO,Carter County,
29037,MO,Cass County,
29039,MO,Cedar County,
29041,MO,Chariton County,
29043,MO,Christian County,
29045,MO,Clark County,
29047,MO,Clay County,
29049,MO,Clinton County,
29051,MO,Cole County,
29053,MO,Cooper County,
29055,MO,Crawford County,
29057,MO,Dade County,
29059,MO,Dallas County,
29061,MO,Daviess County,
29063,MO,DeKalb County,
29065,MO,Dent County,
29067,MO,Douglas County,
29069,MO,Dunklin County,
29071,MO,Franklin County,
29073,MO,Gasconade County,
29075,MO,Gentry County,
29077,MO,Greene County,
29079,MO,Grundy County,
29081,MO,Harrison County,
29083,MO,Henry County,
29085,MO,Hickory County,
29087,MO,Holt County,
29089,MO,Howard County,
29091,MO,Howell County,
29093,MO,Iron County,
29095,MO,Jackson County,
29097,MO,Jasper County,
29099,MO,Jefferson County,
29101,MO,Johnson County,
29103,MO,Knox County,
29105,MO,Laclede County,
29107,MO,Lafayette County,
29109,MO,Lawrence County,
29111,MO,Lewis County,
29113,MO,Lincoln County,
29115,MO,Linn County,
29117,MO,Livingston County,
29119,MO,McDonald County,
29121,MO,Macon County,
29123,MO,Madison County,
29125,MO,Maries County,
29129,MO,Mercer County,
29133,MO,Mississippi County,
29135,MO,Moniteau County,
29137,MO,Monroe County,
29139,MO,Montgomery County,
29141,MO,Morgan County,
29143,MO,New Madrid County,
29145,MO,Newton County,
29147,MO,Nodaway County,
29149,MO,Oregon County,
29151,MO,Osage County,
29153,MO,Ozark County,
29155,MO,Pemiscot County,
29157,MO,Perry County,
29159,MO,Pettis County,
29161,MO,Phelps County,
29163,MO,Pike County,
29165,MO,Platte County,
29171,MO,Putnam County,
29173,MO,Ralls County,
29175,MO,Randolph County,
29177,MO,Ray County,
29179,MO,Reynolds County,
29181,MO,Ripley County,
29183,MO,St. Charles County,
29185,MO,St. Clair County,
29186,MO,Ste. Genevieve County,
29189,MO,St. Louis County,
29197,MO,Schuyler County,
29199,MO,Scotland County,
29201,MO,Scott County,
29203,MO,Shannon County,
29205,MO,Shelby County,
29207,MO,Stoddard County,
29209,MO,Stone County,
29211,MO,Sullivan County,
29213,MO,Taney County,
29215,MO,Texas County,
29217,MO,Vernon County,
29219,MO,Warren County,
29221,MO,Washington County,
29223,MO,Wayne County,
29229,MO,Wright County,
29510,MO,St. Louis city,
30067,MT,Park County,
31001,NE,Adams County,
31003,NE,Antelope County,
31009,NE,Blaine County,
31011,NE,Boone County,
31013,NE,Box Butte County,
31019,NE,Buffalo County,
31021,NE,Burt County,
31023,NE,Butler County,
31027,NE,Cedar County,
31029,NE,Chase County,
31031,NE,Cherry County,
31035,NE,Clay County,
31037,NE,Colfax County,
31039,NE,Cuming County,
31041,NE,Custer County,
31043,NE,Dakota County,
31045,NE,Dawes County,
31047,NE,Dawson County,
31049,NE,Deuel County,
31051,NE,Dixon County,
31055,NE,Douglas County,
31057,NE,Dundy County,
31059,NE,Fillmore County,
31061,NE,Franklin County,
31063,NE,Frontier County,
31065,NE,Furnas County,
31067,NE,Gage County,
31069,NE,Garden County,
31073,NE,Gosper County,
31079,NE,Hall County,
31081,NE,Hamilton County,
31083,NE,Harlan County,
31087,NE,Hitchcock County,
31089,NE,Holt County,
31093,NE,Howard County,
31095,NE,Jefferson County,
31097,NE,Johnson County,
31099,NE,Kearney County,
31101,NE,Keith County,
31103,NE,Keya Paha County,
31105,NE,Kimball County,
31107,NE,Knox County,
31109,NE,Lancaster County,
31111,NE,Lincoln County,
31115,NE,Loup County,
31117,NE,McPherson County,
31121,NE,Merrick County,
31123,NE,Morrill County,
31125,NE,Nance County,
31127,NE,Nemaha County,
31129,NE,Nuckolls County,
31131,NE,Otoe County,
31133,NE,Pawnee County,
31135,NE,Perkins County,
31137,NE,Phelps County,
31139,NE,Pierce County,
31141,NE,Platte County,
31143,NE,Polk County,
31145,NE,Red Willow County,
31147,NE,Richardson County,
31151,NE,Saline County,
31153,NE,Sarpy County,
31155,NE,Saunders County,
31159,NE,Seward County,
31161,NE,Sheridan County,
31163,NE,Sherman County,
31167,NE,Stanton County,
31169,NE,Thayer County,
31173,NE,Thurston County,
31175,NE,Valley County,
31177,NE,Washington County,
31179,NE,Wayne County,
31181,NE,Webster County,
31185,NE,York County,
32001,NV,Churchill County,
32003,NV,Clark County,
32009,NV,Esmeralda County,
32013,NV,Humboldt County,
32015,NV,Lander County,
32017,NV,Lincoln County,
32021,NV,Mineral County,
32029,NV,Storey County,
32033,NV,White Pine County,
35001,NM,Bernalillo County,
35003,NM,Catron County,
35005,NM,Chaves County,
35006,NM,Cibola County,
35007,NM,Colfax County,
35009,NM,Curry County,
35011,NM,De Baca County,
35013,NM,Dona Ana County,
35015,NM,Eddy County,
35017,NM,Grant County,
35019,NM,Guadalupe County,
35023,NM,Hidalgo County,
35027,NM,Lincoln County,
35028,NM,Los Alamos County,
35029,NM,Luna County,
35033,NM,Mora County,
35035,NM,Otero County,
35037,NM,Quay County,
35041,NM,Roosevelt County,
35051,NM,Sierra County,
35053,NM,Socorro County,
35057,NM,Torrance County,
35059,NM,Union County,
36005,NY,Bronx County,
36081,NY,Queens County,
36085,NY,Richmond County,
37001,NC,Alamance County,
37003,NC,Alexander County,
37005,NC,Alleghany County,
37007,NC,Anson County,
37009,NC,Ashe County,
37011,NC,Avery County,
37013,NC,Beaufort County,
37015,NC,Bertie County,
37017,NC,Bladen County,
37019,NC,Brunswick County,
37021,NC,Buncombe County,
37023,NC,Burke County,
37025,NC,Cabarrus County,
37027,NC,Caldwell County,
37029,NC,Camden County,
37031,NC,Carteret County,
37033,NC,Caswell County,
37035,NC,Catawba County,
37037,NC,Chatham County,
37039,NC,Cherokee County,
37041,NC,Chowan County,
37043,NC,Clay County,
37045,NC,Cleveland County,
37047,NC,Columbus County,
37049,NC,Craven County,
37051,NC,Cumberland County,
37053,NC,Currituck County,
37055,NC,Dare County,
37059,NC,Davie County,
37061,NC,Duplin County,
37063,NC,Durham County,
37065,NC,Edgecombe County,
37067,NC,Forsyth County,
37069,NC,Franklin County,
37071,NC,Gaston County,
37073,NC,Gates County,
37075,NC,Graham County,
37077,NC,Granville County,
37079,NC,Greene County,
37081,NC,Guilford County,
37083,NC,Halifax County,
37085,NC,Harnett County,
37087,NC,Haywood County,
37089,NC,Henderson County,
37091,NC,Hertford County,
37093,NC,Hoke County,
37095,NC,Hyde County,
37099,NC,Jackson County,
37101,NC,Johnston County,
37103,NC,Jones County,
37105,NC,Lee County,
37109,NC,Lincoln County,
37111,NC,McDowell County,
37113,NC,Macon County,
37115,NC,Madison County,
37117,NC,Martin County,
37119,NC,Mecklenburg County,
37121,NC,Mitchell County,
37123,NC,Montgomery County,
37125,NC,Moore County,
37129,NC,New Hanover County,
37131,NC,Northampton County,
37133,NC,Onslow County,
37135,NC,Orange County,
37137,NC,Pamlico County,
37139,NC,Pasquotank County,
37141,NC,Pender County,
37143,NC,Perquimans County,
37145,NC,Person County,
37147,NC,Pitt County,
37149,NC,Polk County,
37151,NC,Randolph County,
37153,NC,Richmond County,
37155,NC,Robeson County,
37157,NC,Rockingham County,
37159,NC,Rowan County,
37161,NC,Rutherford County,
37163,NC,Sampson County,
37165,NC,Scotland County,
37167,NC,Stanly County,
37169,NC,Stokes County,
37171,NC,Surry County,
37173,NC,Swain County,
37175,NC,Transylvania County,
37177,NC,Tyrrell County,
37179,NC,Union County,
37181,NC,Vance County,
37183,NC,Wake County,
37185,NC,Warren County,
37187,NC,Washington County,
37189,NC,Watauga County,
37191,NC,Wayne County,
37193,NC,Wilkes County,
37195,NC,Wilson County,
37197,NC,Yadkin County,
37199,NC,Yancey County,
39001,OH,Adams County,
39003,OH,Allen County,
39005,OH,Ashland County,
39007,OH,Ashtabula County,
39009,OH,Athens County,
39011,OH,Auglaize County,
39015,OH,Brown County,
39017,OH,Butler County,
39019,OH,Carroll County,
39021,OH,Champaign County,
39023,OH,Clark County,
39025,OH,Clermont County,
39027,OH,Clinton County,
39029,OH,Columbiana County,
39031,OH,Coshocton County,
39033,OH,Crawford County,
39035,OH,Cuyahoga County,
39037,OH,Darke County,
39039,OH,Defiance County,
39041,OH,Delaware County,
39043,OH,Erie County,
39045,OH,Fairfield County,
39047,OH,Fayette County,
39049,OH,Franklin County,
39051,OH,Fulton County,
39053,OH,Gallia County,
39055,OH,Geauga County,
39057,OH,Greene County,
39059,OH,Guernsey County,
39061,OH,Hamilton County,
39063,OH,Hancock County,
39065,OH,Hardin County,
39067,OH,Harrison County,
39069,OH,Henry County,
39073,OH,Hocking County,
39075,OH,Holmes County,
39077,OH,Huron County,
39079,OH,Jackson County,
39081,OH,Jefferson County,
39083,OH,Knox County,
39085,OH,Lake County,
39087,OH,Lawrence County,
39089,OH,Licking County,
39091,OH,Logan County,
39093,OH,Lorain County,
39095,OH,Lucas County,
39097,OH,Madison County,
39099,OH,Mahoning County,
39101,OH,Marion County,
39103,OH,Medina County,
39105,OH,Meigs County,
39107,OH,Mercer County,
39109,OH,Miami County,
39113,OH,Montgomery County,
39115,OH,Morgan County,
39117,OH,Morrow County,
39119,OH,Muskingum County,
39121,OH,Noble County,
39123,OH,Ottawa County,
39125,OH,Paulding County,
39127,OH,Perry County,
39129,OH,Pickaway County,
39131,OH,Pike County,
39133,OH,Portage County,
39135,OH,Preble County,
39137,OH,Putnam County,
39139,OH,Richland County,
39141,OH,Ross County,
39143,OH,Sandusky County,
39145,OH,Scioto County,
39147,OH,Seneca County,
39149,OH,Shelby County,
39151,OH,Stark County,
39153,OH,Summit County,
39155,OH,Trumbull County,
39157,OH,Tuscarawas County,
39159,OH,Union County,
39161,OH,Van Wert County,
39163,OH,Vinton County,
39165,OH,Warren County,
39167,OH,Washington County,
39169,OH,Wayne County,
39171,OH,Williams County,
39173,OH,Wood County,
39175,OH,Wyandot County,
40043,OK,Dewey County,
41001,OR,Baker County,
41003,OR,Benton County,
41007,OR,Clatsop County,
41009,OR,Columbia County,
41011,OR,Coos County,
41013,OR,Crook County,
41015,OR,Curry County,
41019,OR,Douglas County,
41027,OR,Hood River County,
41033,OR,Josephine County,
41037,OR,Lake County,
41039,OR,Lane County,
41041,OR,Lincoln County,
41043,OR,Linn County,
41049,OR,Morrow County,
41063,OR,Wallowa County,
42101,PA,Philadelphia County,
44003,RI,Kent County,
44005,RI,Newport County,
44007,RI,Providence County,
44009,RI,Washington County,
45003,SC,Aiken County,
45007,SC,Anderson County,
45009,SC,Bamberg County,
45011,SC,Barnwell County,
45013,SC,Beaufort County,
45017,SC,Calhoun County,
45021,SC,Cherokee County,
45029,SC,Colleton County,
45051,SC,Horry County,
45053,SC,Jasper County,
45061,SC,Lee County,
45077,SC,Pickens County,
45079,SC,Richland County,
45081,SC,Saluda County,
47111,TN,Macon County,
48003,TX,Andrews County,
48027,TX,Bell County,
48031,TX,Blanco County,
48065,TX,Carson County,
48075,TX,Childress County,
48077,TX,Clay County,
48085,TX,Collin County,
48093,TX,Comanche County,
48099,TX,Coryell County,
48103,TX,Crane County,
48105,TX,Crockett County,
48111,TX,Dallam County,
48123,TX,DeWitt County,
48129,TX,Donley County,
48131,TX,Duval County,
48141,TX,El Paso County,
48145,TX,Falls County,
48155,TX,Foard County,
48157,TX,Fort Bend County,
48159,TX,Franklin County,
48163,TX,Frio County,
48167,TX,Galveston County,
48175,TX,Goliad County,
48191,TX,Hall County,
48193,TX,Hamilton County,
48201,TX,Harris County,
48205,TX,Hartley County,
48207,TX,Haskell County,
48225,TX,Houston County,
48237,TX,Jack County,
48249,TX,Jim Wells County,
48253,TX,Jones County,
48267,TX,Kimble County,
48277,TX,Lamar County,
48283,TX,La Salle County,
48297,TX,Live Oak County,
48307,TX,McCulloch County,
48313,TX,Madison County,
48315,TX,Marion County,
48317,TX,Martin County,
48319,TX,Mason County,
48327,TX,Menard County,
48333,TX,Mills County,
48351,TX,Newton County,
48353,TX,Nolan County,
48359,TX,Oldham County,
48369,TX,Parmer County,
48379,TX,Rains County,
48383,TX,Reagan County,
48387,TX,Red River County,
48395,TX,Robertson County,
48399,TX,Runnels County,
48403,TX,Sabine County,
48413,TX,Schleicher County,
48415,TX,Scurry County,
48417,TX,Shackelford County,
48421,TX,Sherman County,
48425,TX,Somervell County,
48429,TX,Stephens County,
48431,TX,Sterling County,
48433,TX,Stonewall County,
48435,TX,Sutton County,
48439,TX,Tarrant County,
48441,TX,Taylor County,
48453,TX,Travis County,
48457,TX,Tyler County,
48469,TX,Victoria County,
48475,TX,Ward County,
48483,TX,Wheeler County,
48495,TX,Winkler County,
48505,TX,Zapata County,
49001,UT,Beaver County,
49003,UT,Box Elder County,
49005,UT,Cache County,
49007,UT,Carbon County,
49011,UT,Davis County,
49015,UT,Emery County,
49017,UT,Garfield County,
49019,UT,Grand County,
49021,UT,Iron County,
49023,UT,Juab County,
49025,UT,Kane County,
49027,UT,Millard County,
49033,UT,Rich County,
49035,UT,Salt Lake County,
49039,UT,Sanpete County,
49043,UT,Summit County,
49045,UT,Tooele County,
49051,UT,Wasatch County,
49053,UT,Washington County,
50009,VT,Essex County,
50013,VT,Grand Isle County,
51001,VA,Accomack County,
51007,VA,Amelia County,
51009,VA,Amherst County,
51011,VA,Appomattox County,
51015,VA,Augusta County,
51017,VA,Bath County,
51019,VA,Bedford County,
51021,VA,Bland County,
51023,VA,Botetourt County,
51025,VA,Brunswick County,
51027,VA,Buchanan County,
51031,VA,Campbell County,
51033,VA,Caroline County,
51036,VA,Charles City County,
51037,VA,Charlotte County,
51041,VA,Chesterfield County,
51045,VA,Craig County,
51047,VA,Culpeper County,
51049,VA,Cumberland County,
51051,VA,Dickenson County,
51053,VA,Dinwiddie County,
51059,VA,Fairfax County,
51061,VA,Fauquier County,
51065,VA,Fluvanna County,
51069,VA,Frederick County,
51071,VA,Giles County,
51075,VA,Goochland County,
51077,VA,Grayson County,
51079,VA,Greene County,
51081,VA,Greensville County,
51083,VA,Halifax County,
51093,VA,Isle of Wight County,
51097,VA,King and Queen County,
51099,VA,King George County,
51101,VA,King William County,
51111,VA,Lunenburg County,
51113,VA,Madison County,
51115,VA,Mathews County,
51117,VA,Mecklenburg County,
51127,VA,New Kent County,
51131,VA,Northampton County,
51133,VA,Northumberland County,
51135,VA,Nottoway County,
51137,VA,Orange County,
51139,VA,Page County,
51145,VA,Powhatan County,
51147,VA,Prince Edward County,
51153,VA,Prince William County,
51155,VA,Pulaski County,
51157,VA,Rappahannock County,
51159,VA,Richmond County,
51163,VA,Rockbridge County,
51165,VA,Rockingham County,
51167,VA,Russell County,
51169,VA,Scott County,
51171,VA,Shenandoah County,
51173,VA,Smyth County,
51175,VA,Southampton County,
51177,VA,Spotsylvania County,
51179,VA,Stafford County,
51181,VA,Surry County,
51183,VA,Sussex County,
51185,VA,Tazewell County,
51191,VA,Washington County,
51193,VA,Westmoreland County,
51195,VA,Wise County,
51197,VA,Wythe County,
51550,VA,Chesapeake city,
51570,VA,Colonial Heights city,
51595,VA,Emporia city,
51620,VA,Franklin city,
51630,VA,Fredericksburg city,
51650,VA,Hampton city,
51670,VA,Hopewell city,
51680,VA,Lynchburg city,
51730,VA,Petersburg city,
51740,VA,Portsmouth city,
51750,VA,Radford city,
51760,VA,Richmond city,
51775,VA,Salem city,
51790,VA,Staunton city,
51800,VA,Suffolk city,
51810,VA,Virginia Beach city,
51820,VA,Waynesboro city,
51840,VA,Winchester city,
53001,WA,Adams County,
53011,WA,Clark County,
53013,WA,Columbia County,
53015,WA,Cowlitz County,
53017,WA,Douglas County,
53019,WA,Ferry County,
53023,WA,Garfield County,
53027,WA,Grays Harbor County,
53031,WA,Jefferson County,
53033,WA,King County,
53039,WA,Klickitat County,
53043,WA,Lincoln County,
53047,WA,Okanogan County,
53051,WA,Pend Oreille County,
53053,WA,Pierce County,
53055,WA,San Juan County,
53059,WA,Skamania County,
53065,WA,Stevens County,
53069,WA,Wahkiakum County,
53075,WA,Whitman County,
55001,WI,Adams County,
55003,WI,Ashland County,
55005,WI,Barron County,
55007,WI,Bayfield County,
55009,WI,Brown County,
55011,WI,Buffalo County,
55013,WI,Burnett County,
55015,WI,Calumet County,
55017,WI,Chippewa County,
55019,WI,Clark County,
55021,WI,Columbia County,
55023,WI,Crawford County,
55027,WI,Dodge County,
55029,WI,Door County,
55031,WI,Douglas County,
55033,WI,Dunn County,
55035,WI,Eau Claire County,
55037,WI,Florence County,
55039,WI,Fond du Lac County,
55041,WI,Forest County,
55043,WI,Grant County,
55045,WI,Green County,
55047,WI,Green Lake County,
55049,WI,Iowa County,
55051,WI,Iron County,
55053,WI,Jackson County,
55055,WI,Jefferson County,
55057,WI,Juneau County,
55059,WI,Kenosha County,
55061,WI,Kewaunee County,
55063,WI,La Crosse County,
55065,WI,Lafayette County,
55067,WI,Langlade County,
55069,WI,Lincoln County,
55071,WI,Manitowoc County,
55073,WI,Marathon County,
55075,WI,Marinette County,
55077,WI,Marquette County,
55079,WI,Milwaukee County,
55081,WI,Monroe County,
55083,WI,Oconto County,
55085,WI,Oneida County,
55087,WI,Outagamie County,
55089,WI,Ozaukee County,
55091,WI,Pepin County,
55093,WI,Pierce County,
55095,WI,Polk County,
55097,WI,Portage County,
55099,WI,Price County,
55101,WI,Racine County,
55103,WI,Richland County,
55105,WI,Rock County,
55107,WI,Rusk County,
55109,WI,St. Croix County,
55111,WI,Sauk County,
55113,WI,Sawyer County,
55115,WI,Shawano County,
55117,WI,Sheboygan County,
55119,WI,Taylor County,
55121,WI,Trempealeau County,
55123,WI,Vernon County,
55125,WI,Vilas County,
55127,WI,Walworth County,
55129,WI,Washburn County,
55131,WI,Washington County,
55133,WI,Waukesha County,
55135,WI,Waupaca County,
55137,WI,Waushara County,
55139,WI,Winnebago County,
55141,WI,Wood County,
56009,WY,Converse County,
56015,WY,Goshen County,
56017,WY,Hot Springs County,
56019,WY,Johnson County,
56029,WY,Park County,
56035,WY,Sublette County,
56039,WY,Teton County,
56041,WY,Uinta County,
56043,WY,Washakie County,
05069,AR,Jefferson County,
12011,FL,Broward County,
12055,FL,Highlands County,
12095,FL,Orange County,
21135,KY,Lewis County,
37107,NC,Lenoir County,
41023,OR,Grant County,
41029,OR,Jackson County,
41035,OR,Klamath County,
41053,OR,Polk County,
41055,OR,Sherman County,
41059,OR,Umatilla County,
41061,OR,Union County,
41065,OR,Wasco County,
45027,SC,Clarendon County,
53035,WA,Kitsap County,
53041,WA,Lewis County,
53049,WA,Pacific County,
53061,WA,Snohomish County,

    513,
    517,
    519,
    1009,
    521,
    523,
    525,
    527,
    1019,
    529,
    531,
    533,
    535,
    1029,
    537,
    539,
    541,
    543,
    1039,
    545,
    547,
    549,
    551,
    1049,
    553,
    555,
    557,
    559,
    1059,
    561,
    563,
    565,
    567,
    1069,
    569,
    573,
    575,
    1079,
    1081,
    1083,
    1085,
    1087,
    1091,
    1093,
    1095,
    1097,
    1099,
    577,
    579,
    581,
    583,
    1109,
    585,
    587,
    589,
    591,
    1119,
    593,
    595,
    599,
    1129,
    601,
    603,
    1035,
    1038,
    1040,
    1064,
    1075,
    1080,
    2090,
    1088,
    1096,
    1106,
    1112,
    1128,
    1140,
    1144,
    2180,
    2185,
    2195,
    2198,
    1168,
    1176,
    1184,
    1213,
    2290,
    2561,
    2563,
    2565,
    5009,
    2569,
    2573,
    2575,
    5019,
    2577,
    2579,
    2583,
    5029,
    2585,
    2587,
    2589,
    2591,
    5039,
    2593,
    2595,
    2597,
    2599,
    2601,
    2603,
    2605,
    2607,
    5059,
    2609,
    2611,
    2615,
    5069,
    2617,
    2621,
    2623,
    5079,
    5081,
    5083,
    5085,
    5091,
    5093,
    5095,
    2627,
    2631,
    2633,
    2635,
    2637,
    2639,
    2641,
    2643,
    2645,
    2649,
    2653,
    2655,
    5139,
    2657,
    2659,
    2661,
    5149,
    3073,
    3077,
    3079,
    6009,
    3081,
    3083,
    3085,
    3087,
    6019,
    3089,
    3091,
    3093,
    6029,
    3097,
    3099,
    3101,
    3103,
    6039,
    3105,
    3107,
    3109,
    3111,
    3113,
    3117,
    3119,
    3123,
    6069,
    3129,
    3131,
    3133,
    3135,
    6079,
    6081,
    6083,
    6085,
    6087,
    6089,
    6093,
    6095,
    6099,
    3137,
    3139,
    3141,
    3143,
    6109,
    3145,
    3147,
    3149,
    9001,
    9003,
    9005,
    9007,
    9009,
    9011,
    9013,
    9015,
    11001,
    12001,
    12003,
    12005,
    12007,
    12011,
    12013,
    12015,
    12017,
    12023,
    12027,
    12029,
    12031,
    12033,
    12035,
    12037,
    12039,
    12041,
    12043,
    12045,
    12047,
    12049,
    12051,
    12053,
    12055,
    12057,
    12059,
    12061,
    12063,
    12065,
    12069,
    12071,
    12073,
    12075,
    12077,
    12079,
    12081,
    12083,
    12085,
    12086,
    12087,
    12089,
    12091,
    12093,
    12097,
    12099,
    12103,
    12105,
    12107,
    12111,
    12113,
    12115,
    12117,
    12119,
    12121,
    12123,
    12125,
    12127,
    12129,
    12131,
    12133,
    13005,
    13009,
    13013,
    13015,
    13017,
    13019,
    13021,
    13027,
    13029,
    13031,
    13033,
    13035,
    13039,
    13045,
    13047,
    13051,
    13057,
    13059,
    13067,
    13069,
    13071,
    13073,
    13075,
    13077,
    13081,
    13087,
    13095,
    13097,
    13103,
    13107,
    13113,
    13115,
    13121,
    13127,
    13129,
    13135,
    13137,
    13139,
    13145,
    13151,
    13153,
    13157,
    13171,
    13175,
    13177,
    13179,
    13183,
    13185,
    13187,
    13189,
    13199,
    13205,
    13207,
    13211,
    13215,
    13217,
    13223,
    13225,
    13233,
    13247,
    13255,
    13261,
    13273,
    13275,
    13277,
    13279,
    13285,
    13293,
    13295,
    13297,
    13299,
    13303,
    13305,
    13313,
    13321,
    15003,
    15007,
    15009,
    16005,
    16009,
    16011,
    16013,
    16017,
    16019,
    16021,
    16027,
    16031,
    16039,
    16045,
    16051,
    16053,
    16055,
    16057,
    16065,
    16067,
    16069,
    16073,
    16075,
    16079,
    16083,
    16085,
    16087,
    17001,
    17005,
    17007,
    17011,
    17017,
    17021,
    17027,
    17029,
    17037,
    17039,
    17045,
    17049,
    17055,
    17057,
    17063,
    17073,
    17075,
    17077,
    17081,
    17091,
    17093,
    17095,
    17097,
    17099,
    17103,
    17105,
    17107,
    17109,
    17111,
    17113,
    17115,
    17117,
    17121,
    17133,
    17137,
    17141,
    17143,
    17157,
    17161,
    17163,
    17165,
    17167,
    17177,
    17179,
    17183,
    17187,
    17195,
    17197,
    17199,
    17201,
    20001,
    20005,
    20009,
    20011,
    20013,
    20015,
    20021,
    20027,
    20031,
    20035,
    20037,
    20041,
    20043,
    20045,
    20051,
    20055,
    20057,
    20059,
    20061,
    20079,
    20085,
    20087,
    20091,
    20099,
    20103,
    20107,
    20111,
    20113,
    20117,
    20121,
    20125,
    20133,
    20139,
    20149,
    20151,
    20155,
    20161,
    20167,
    20169,
    20175,
    20177,
    20191,
    20205,
    20209,
    21001,
    21003,
    21005,
    21007,
    21009,
    21013,
    21015,
    21017,
    21019,
    21021,
    21029,
    21035,
    21037,
    21041,
    21043,
    21045,
    21047,
    21049,
    21051,
    21053,
    21055,
    21059,
    21065,
    21067,
    21069,
    21071,
    21073,
    21075,
    21079,
    21081,
    21083,
    21085,
    21089,
    21091,
    21093,
    21095,
    21097,
    21101,
    21103,
    21107,
    21111,
    21113,
    21115,
    21117,
    21119,
    21121,
    21123,
    21125,
    21127,
    21133,
    21137,
    21141,
    21145,
    21147,
    21151,
    21155,
    21157,
    21159,
    21161,
    21163,
    21167,
    21173,
    21177,
    21179,
    21183,
    21185,
    21187,
    21193,
    21195,
    21197,
    21199,
    21203,
    21205,
    21207,
    21209,
    21211,
    21213,
    21217,
    21219,
    21225,
    21227,
    21229,
    21231,
    21233,
    21235,
    21239,
    22001,
    22003,
    22005,
    22007,
    22009,
    22011,
    22013,
    22015,
    22027,
    22029,
    22031,
    22035,
    22037,
    22039,
    22041,
    22043,
    22045,
    22047,
    22049,
    22051,
    22053,
    22057,
    22061,
    22063,
    22065,
    22067,
    22069,
    22073,
    22075,
    22077,
    22079,
    22083,
    22085,
    22087,
    22089,
    22091,
    22093,
    22095,
    22097,
    22099,
    22101,
    22103,
    22105,
    22109,
    22113,
    22115,
    22117,
    22119,
    22121,
    22125,
    23001,
    23003,
    23005,
    23007,
    23009,
    23011,
    23013,
    23015,
    23017,
    23019,
    23021,
    23023,
    23025,
    23027,
    23029,
    23031,
    25001,
    25003,
    25005,
    25007,
    25009,
    25011,
    25013,
    25015,
    25017,
    25021,
    25023,
    25027,
    26005,
    26007,
    26009,
    26015,
    26017,
    26019,
    26021,
    26023,
    26025,
    26027,
    26029,
    26031,
    26033,
    26035,
    26037,
    26039,
    26041,
    26043,
    26045,
    26047,
    26049,
    26051,
    26053,
    26055,
    26057,
    26059,
    26061,
    26063,
    26065,
    26067,
    26069,
    26073,
    26075,
    26077,
    26079,
    26081,
    26085,
    26087,
    26091,
    26093,
    26099,
    26101,
    26103,
    26105,
    26107,
    26109,
    26111,
    26113,
    26115,
    26117,
    26121,
    26123,
    26125,
    26127,
    26129,
    26133,
    26137,
    26139,
    26143,
    26145,
    26147,
    26149,
    26151,
    26155,
    26157,
    26159,
    26161,
    26165,
    28001,
    28003,
    28007,
    28011,
    28013,
    28017,
    28019,
    28021,
    28023,
    28025,
    28027,
    28029,
    28031,
    28033,
    28035,
    28043,
    28045,
    28049,
    28051,
    28053,
    28057,
    28059,
    28061,
    28063,
    28065,
    28067,
    28071,
    28073,
    28075,
    28079,
    28081,
    28083,
    28085,
    28087,
    28089,
    28091,
    28093,
    28095,
    28097,
    28099,
    28101,
    28103,
    28105,
    28107,
    28109,
    28111,
    28113,
    28115,
    28117,
    28119,
    28121,
    28123,
    28125,
    28127,
    28131,
    28133,
    28135,
    28137,
    28139,
    28143,
    28145,
    28149,
    28151,
    28153,
    28155,
    28159,
    28163,
    29001,
    29007,
    29009,
    29019,
    29021,
    29023,
    29027,
    29029,
    29031,
    29037,
    29043,
    29051,
    29053,
    29055,
    29065,
    29069,
    29071,
    29073,
    29077,
    29083,
    29091,
    29097,
    29099,
    29101,
    29105,
    29107,
    29109,
    29113,
    29119,
    29125,
    29127,
    29131,
    29133,
    29135,
    29143,
    29145,
    29151,
    29155,
    29157,
    29159,
    29161,
    29167,
    29169,
    29175,
    29181,
    29183,
    29187,
    29189,
    29195,
    29201,
    29207,
    29209,
    29213,
    29217,
    29219,
    29221,
    29225,
    29510,
    32005,
    32007,
    32015,
    32019,
    32023,
    32510,
    33001,
    33003,
    33005,
    33007,
    33009,
    33011,
    33013,
    33015,
    33017,
    33019,
    35001,
    35005,
    35006,
    35007,
    35009,
    35013,
    35015,
    35017,
    35019,
    35023,
    35025,
    35027,
    35028,
    35029,
    35031,
    35033,
    35035,
    35037,
    35039,
    35041,
    35043,
    35045,
    35047,
    35049,
    35051,
    35053,
    35055,
    35057,
    35061,
    36001,
    36003,
    36005,
    36007,
    36009,
    36011,
    36013,
    36015,
    36017,
    36019,
    36021,
    36023,
    36025,
    36027,
    36029,
    36031,
    36033,
    36035,
    36037,
    36039,
    36043,
    36045,
    36047,
    36051,
    36053,
    36055,
    36057,
    36059,
    36061,
    36063,
    36065,
    36067,
    36069,
    36071,
    36073,
    36075,
    36077,
    36079,
    36081,
    36083,
    36085,
    36087,
    36089,
    36091,
    36093,
    36095,
    36099,
    36101,
    36103,
    36105,
    36107,
    36109,
    36111,
    36113,
    36115,
    36117,
    36119,
    36121,
    37001,
    37003,
    37005,
    37007,
    37009,
    37013,
    37015,
    37017,
    37019,
    37021,
    37023,
    37025,
    37027,
    37029,
    37031,
    37033,
    37035,
    37037,
    37039,
    37041,
    37045,
    37047,
    37049,
    37053,
    37055,
    37057,
    37059,
    37061,
    37065,
    37067,
    37069,
    37073,
    37075,
    37077,
    37079,
    37081,
    37083,
    37085,
    37087,
    37089,
    37091,
    37093,
    37095,
    37097,
    37099,
    37101,
    37103,
    37105,
    37107,
    37109,
    37111,
    37113,
    37115,
    37117,
    37121,
    37123,
    37125,
    37127,
    37129,
    37131,
    37133,
    37135,
    37137,
    37139,
    37141,
    37143,
    37145,
    37147,
    37149,
    37151,
    37153,
    37155,
    37157,
    37159,
    37161,
    37163,
    37165,
    37167,
    37169,
    37171,
    37175,
    37177,
    37181,
    37185,
    37187,
    37189,
    37191,
    37193,
    37195,
    37197,
    37199,
    40005,
    40009,
    40013,
    40015,
    40017,
    40019,
    40021,
    40023,
    40027,
    40031,
    40037,
    40039,
    40041,
    40047,
    40049,
    40051,
    40063,
    40065,
    40067,
    40069,
    40071,
    40073,
    40079,
    40081,
    40083,
    40087,
    40089,
    40091,
    40095,
    40097,
    40099,
    40101,
    40109,
    40111,
    40113,
    40115,
    40119,
    40121,
    40123,
    40125,
    40131,
    40133,
    40135,
    40137,
    40139,
    40141,
    40143,
    40145,
    40147,
    40149,
    40153,
    44001,
    44003,
    44005,
    44007,
    44009,
    45001,
    45003,
    45005,
    45009,
    45011,
    45013,
    45015,
    45017,
    45019,
    45021,
    45023,
    45025,
    45027,
    45029,
    45031,
    45033,
    45035,
    45037,
    45039,
    45041,
    45043,
    45047,
    45049,
    45053,
    45055,
    45057,
    45059,
    45061,
    45063,
    45065,
    45067,
    45069,
    45071,
    45073,
    45075,
    45077,
    45081,
    45085,
    45087,
    45089,
    45091,
    46011,
    46013,
    46023,
    46027,
    46029,
    46035,
    46065,
    46079,
    46081,
    46083,
    46093,
    46099,
    46101,
    46103,
    46127,
    46135,
    47001,
    47003,
    47007,
    47009,
    47011,
    47013,
    47015,
    47017,
    47019,
    47021,
    47025,
    47027,
    47029,
    47031,
    47035,
    47037,
    47043,
    47045,
    47047,
    47049,
    47053,
    47057,
    47059,
    47061,
    47063,
    47065,
    47069,
    47073,
    47075,
    47077,
    47079,
    47087,
    47089,
    47093,
    47097,
    47099,
    47101,
    47103,
    47107,
    47111,
    47113,
    47115,
    47117,
    47119,
    47121,
    47123,
    47125,
    47129,
    47131,
    47133,
    47141,
    47143,
    47145,
    47147,
    47149,
    47151,
    47155,
    47163,
    47165,
    47167,
    47169,
    47173,
    47175,
    47177,
    47179,
    47183,
    47185,
    47187,
    47189,
    48001,
    48003,
    48005,
    48007,
    48013,
    48015,
    48019,
    48021,
    48025,
    48029,
    48035,
    48037,
    48039,
    48041,
    48043,
    48049,
    48051,
    48053,
    48055,
    48057,
    48059,
    48061,
    48063,
    48067,
    48071,
    48073,
    48077,
    48089,
    48091,
    48093,
    48097,
    48099,
    48113,
    48115,
    48117,
    48121,
    48123,
    48127,
    48131,
    48133,
    48135,
    48139,
    48143,
    48145,
    48147,
    48149,
    48157,
    48159,
    48161,
    48163,
    48165,
    48167,
    48171,
    48177,
    48179,
    48181,
    48183,
    48185,
    48187,
    48189,
    48197,
    48199,
    48201,
    48203,
    48209,
    48213,
    48217,
    48219,
    48221,
    48223,
    48225,
    48227,
    48231,
    48233,
    48239,
    48241,
    48245,
    48249,
    48251,
    48253,
    48255,
    48257,
    48259,
    48265,
    48273,
    48277,
    48279,
    48281,
    48283,
    48285,
    48287,
    48289,
    48291,
    48293,
    48297,
    48299,
    48303,
    48305,
    48309,
    48313,
    48315,
    48321,
    48323,
    48325,
    48327,
    48329,
    48331,
    48337,
    48343,
    48347,
    48349,
    48351,
    48353,
    48361,
    48363,
    48365,
    48367,
    48371,
    48373,
    48375,
    48379,
    48381,
    48387,
    48389,
    48395,
    48397,
    48401,
    48407,
    48409,
    48415,
    48419,
    48425,
    48427,
    48437,
    48441,
    48445,
    48449,
    48451,
    48453,
    48455,
    48457,
    48459,
    48463,
    48465,
    48467,
    48469,
    48471,
    48473,
    48475,
    48477,
    48479,
    48481,
    48485,
    48487,
    48489,
    48491,
    48493,
    48497,
    48499,
    48503,
    49003,
    49005,
    49007,
    49011,
    49013,
    49015,
    49021,
    49035,
    49037,
    49039,
    49041,
    49043,
    49045,
    49047,
    49049,
    49051,
    49053,
    49057,
    50001,
    50003,
    50005,
    50007,
    50009,
    50011,
    50013,
    50015,
    50017,
    50019,
    50021,
    50023,
    50025,
    50027,
    51001,
    51003,
    51009,
    51013,
    51015,
    51019,
    51023,
    51025,
    51027,
    51029,
    51031,
    51033,
    51035,
    51041,
    51047,
    51053,
    51057,
    51061,
    51067,
    51069,
    51073,
    51079,
    51081,
    51083,
    51085,
    51087,
    51089,
    51093,
    51095,
    51099,
    51105,
    51107,
    51109,
    51111,
    51117,
    51121,
    51135,
    51137,
    51139,
    51143,
    51147,
    51149,
    51153,
    51155,
    51161,
    51163,
    51165,
    51171,
    51173,
    51175,
    51177,
    51179,
    51183,
    51185,
    51187,
    51191,
    51193,
    51195,
    51197,
    51199,
    51510,
    51520,
    51540,
    51550,
    51570,
    51590,
    51595,
    51600,
    51620,
    51630,
    51650,
    51660,
    51670,
    51680,
    51683,
    51685,
    51690,
    51700,
    51710,
    51730,
    51740,
    51750,
    51760,
    51770,
    51775,
    51790,
    51800,
    51810,
    51820,
    51830,
    51840,
    53003,
    53005,
    53007,
    53011,
    53015,
    53017,
    53021,
    53027,
    53031,
    53035,
    53053,
    53055,
    53057,
    53061,
    53065,
    53067,
    53073,
    53075,
    54001,
    54003,
    54005,
    54007,
    54009,
    54011,
    54015,
    54019,
    54021,
    54023,
    54025,
    54027,
    54029,
    54031,
    54033,
    54035,
    54037,
    54039,
    54041,
    54043,
    54045,
    54047,
    54049,
    54051,
    54053,
    54055,
    54057,
    54059,
    54061,
    54063,
    54065,
    54067,
    54069,
    54071,
    54077,
    54079,
    54081,
    54083,
    54087,
    54089,
    54091,
    54093,
    54095,
    54097,
    54099,
    54101,
    54103,
    54105,
    54107,
    54109,
    55001,
    55005,
    55009,
    55011,
    55013,
    55015,
    55017,
    55019,
    55021,
    55023,
    55025,
    55027,
    55029,
    55031,
    55033,
    55035,
    55039,
    55043,
    55045,
    55047,
    55049,
    55053,
    55055,
    55057,
    55059,
    55061,
    55063,
    55065,
    55067,
    55069,
    55071,
    55073,
    55075,
    55077,
    55081,
    55083,
    55085,
    55087,
    55089,
    55091,
    55093,
    55095,
    55097,
    55099,
    55101,
    55103,
    55105,
    55109,
    55111,
    55115,
    55117,
    55121,
    55123,
    55125,
    55127,
    55129,
    55131,
    55135,
    55137,
    55139,
    55141
