GEOID,group
1001,2
1003,0
1005,2
1007,2
1009,2
1011,2
1013,2
1015,2
1017,2
1019,2
1021,2
1023,2
1025,2
1027,2
1029,2
1031,2
1033,2
1035,2
1037,2
1039,2
1041,2
1043,2
1045,2
1047,2
1049,2
1051,2
1053,2
1055,2
1057,2
1059,2
1061,2
1063,2
1065,2
1067,2
1069,2
1071,2
1073,0
1075,2
1077,2
1079,2
1081,2
1083,2
1085,2
1087,2
1089,0
1091,2
1093,2
1095,2
1097,2
1099,2
1101,2
1103,2
1105,2
1107,2
1109,2
1111,2
1113,2
1115,2
1117,2
1119,2
1121,2
1123,2
1125,0
1127,2
1129,2
1131,2
1133,2
2013,2
2016,2
2020,2
2050,2
2060,2
2063,2
2066,2
2068,2
2070,2
2090,2
2100,2
2105,2
2110,2
2122,2
2130,2
2150,2
2158,2
2164,2
2170,2
2180,2
2185,2
2188,2
2195,2
2198,2
2220,2
2230,2
2240,2
2275,2
2282,2
2290,2
4001,0
4003,0
4005,0
4007,0
4009,0
4011,0
4012,0
4013,0
4015,0
4017,0
4019,0
4021,0
4023,0
4025,0
4027,0
5001,2
5003,2
5005,2
5007,0
5009,2
5011,2
5013,2
5015,2
5017,2
5019,2
5021,2
5023,2
5025,2
5027,2
5029,2
5031,2
5033,2
5035,2
5037,2
5039,2
5041,2
5043,2
5045,2
5047,2
5049,2
5051,2
5053,2
5055,2
5057,2
5059,2
5061,2
5063,2
5065,2
5067,2
5069,2
5071,2
5073,2
5075,2
5077,2
5079,2
5081,2
5083,2
5085,2
5087,2
5089,2
5091,2
5093,2
5095,2
5097,2
5099,2
5101,2
5103,2
5105,2
5107,2
5109,2
5111,2
5113,2
5115,2
5117,2
5119,0
5121,2
5123,2
5125,2
5127,2
5129,2
5131,2
5133,2
5135,2
5137,2
5139,2
5141,2
5143,2
5145,2
5147,2
5149,2
6001,2
6003,2
6005,2
6007,2
6009,2
6011,2
6013,2
6015,2
6017,2
6019,2
6021,2
6023,2
6025,2
6027,2
6029,2
6031,2
6033,2
6035,2
6037,2
6039,2
6041,2
6043,2
6045,2
6047,2
6049,2
6051,2
6053,1
6055,2
6057,2
6059,1
6061,0
6063,2
6065,0
6067,1
6069,2
6071,2
6073,2
6075,2
6077,2
6079,2
6081,2
6083,2
6085,2
6087,2
6089,2
6091,2
6093,2
6095,2
6097,0
6099,2
6101,2
6103,2
6105,2
6107,2
6109,2
6111,2
6113,2
6115,2
8001,0
8003,0
8005,0
8007,0
8009,0
8011,0
8013,0
8014,0
8015,0
8017,0
8019,0
8021,0
8023,0
8025,0
8027,0
8029,0
8031,0
8033,0
8035,0
8037,0
8039,0
8041,0
8043,0
8045,0
8047,0
8049,0
8051,0
8053,0
8055,0
8057,0
8059,0
8061,0
8063,0
8065,0
8067,0
8069,0
8071,0
8073,0
8075,0
8077,0
8079,0
8081,0
8083,0
8085,0
8087,0
8089,0
8091,0
8093,0
8095,0
8097,0
8099,0
8101,0
8103,0
8105,0
8107,0
8109,0
8111,0
8113,0
8115,0
8117,0
8119,0
8121,0
8123,0
8125,0
9001,2
9003,2
9005,2
9007,2
9009,2
9011,2
9013,2
9015,2
10001,0
10003,0
10005,0
11001,2
12001,2
12003,2
12005,2
12007,2
12009,0
12011,2
12013,2
12015,2
12017,2
12019,0
12021,0
12023,2
12027,2
12029,2
12031,2
12033,2
12035,2
12037,2
12039,2
12041,2
12043,2
12045,2
12047,2
12049,2
12051,2
12053,2
12055,2
12057,2
12059,2
12061,2
12063,2
12065,2
12067,2
12069,2
12071,2
12073,2
12075,2
12077,2
12079,2
12081,2
12083,2
12085,2
12086,2
12087,2
12089,2
12091,2
12093,2
12095,0
12097,2
12099,2
12101,0
12103,2
12105,2
12107,2
12109,0
12111,2
12113,2
12115,2
12117,2
12119,2
12121,2
12123,2
12125,2
12127,2
12129,2
12131,2
12133,2
13001,2
13003,2
13005,2
13007,2
13009,2
13011,2
13013,2
13015,2
13017,2
13019,2
13021,2
13023,2
13025,2
13027,2
13029,2
13031,2
13033,2
13035,2
13037,2
13039,2
13043,2
13045,2
13047,2
13049,2
13051,2
13053,2
13055,2
13057,2
13059,2
13061,2
13063,0
13065,2
13067,2
13069,2
13071,2
13073,2
13075,2
13077,2
13079,2
13081,2
13083,2
13085,2
13087,2
13089,0
13091,2
13093,2
13095,2
13097,2
13099,2
13101,2
13103,2
13105,2
13107,2
13109,2
13111,2
13113,2
13115,2
13117,0
13119,2
13121,2
13123,2
13125,2
13127,2
13129,2
13131,2
13133,2
13135,2
13137,2
13139,2
13141,2
13143,2
13145,2
13147,2
13149,2
13151,2
13153,2
13155,2
13157,2
13159,2
13161,2
13163,2
13165,2
13167,2
13169,2
13171,2
13173,2
13175,2
13177,2
13179,2
13181,2
13183,2
13185,2
13187,2
13189,2
13191,2
13193,2
13195,2
13197,2
13199,2
13201,2
13205,2
13207,2
13209,2
13211,2
13213,2
13215,2
13217,2
13219,2
13221,2
13223,2
13225,2
13227,2
13229,2
13231,2
13233,2
13235,2
13237,2
13239,2
13241,2
13243,2
13245,0
13247,2
13249,2
13251,2
13253,2
13255,2
13257,2
13259,2
13261,2
13263,2
13265,2
13267,2
13269,2
13271,2
13273,2
13275,2
13277,2
13279,2
13281,2
13283,2
13285,2
13287,2
13289,2
13291,2
13293,2
13295,2
13297,2
13299,2
13301,2
13303,2
13305,2
13307,2
13309,2
13311,2
13313,2
13315,2
13317,2
13319,2
13321,2
15001,0
15003,2
15005,0
15007,2
15009,2
16001,0
16003,2
16005,2
16007,2
16009,2
16011,2
16013,2
16015,2
16017,2
16019,2
16021,2
16023,2
16025,2
16027,2
16029,2
16031,2
16033,0
16035,2
16037,2
16039,2
16041,2
16043,2
16045,2
16047,2
16049,2
16051,2
16053,2
16055,2
16057,2
16059,2
16061,2
16063,2
16065,2
16067,2
16069,2
16071,2
16073,2
16075,2
16077,2
16079,2
16081,2
16083,2
16085,2
16087,2
17001,2
17003,2
17005,2
17007,2
17009,2
17011,2
17013,0
17015,2
17017,2
17019,0
17021,2
17023,2
17025,2
17027,2
17029,2
17031,0
17033,2
17035,2
17037,2
17039,2
17041,2
17043,0
17045,2
17047,2
17049,2
17051,2
17053,2
17055,2
17057,2
17059,2
17061,2
17063,2
17065,2
17067,2
17069,0
17071,2
17073,2
17075,2
17077,2
17079,2
17081,2
17083,2
17085,2
17087,2
17089,0
17091,2
17093,2
17095,2
17097,2
17099,2
17101,2
17103,2
17105,2
17107,2
17109,2
17111,2
17113,2
17115,2
17117,2
17119,0
17121,2
17123,2
17125,2
17127,2
17129,2
17131,2
17133,2
17135,2
17137,2
17139,2
17141,2
17143,2
17145,2
17147,2
17149,2
17151,2
17153,2
17155,2
17157,2
17159,2
17161,2
17163,2
17165,2
17167,2
17169,2
17171,2
17173,2
17175,2
17177,2
17179,2
17181,2
17183,2
17185,2
17187,2
17189,2
17191,2
17193,2
17195,2
17197,2
17199,2
17201,2
17203,2
18001,0
18003,0
18005,0
18007,0
18009,0
18011,0
18013,0
18015,0
18017,0
18019,0
18021,0
18023,0
18025,0
18027,0
18029,0
18031,0
18033,0
18035,0
18037,0
18039,0
18041,0
18043,0
18045,0
18047,0
18049,0
18051,0
18053,0
18055,0
18057,0
18059,0
18061,0
18063,0
18065,0
18067,0
18069,0
18071,0
18073,0
18075,0
18077,0
18079,0
18081,0
18083,0
18085,0
18087,0
18089,0
18091,0
18093,0
18095,0
18097,0
18099,0
18101,0
18103,0
18105,0
18107,0
18109,0
18111,0
18113,0
18115,0
18117,0
18119,0
18121,0
18123,0
18125,0
18127,0
18129,0
18131,0
18133,0
18135,0
18137,0
18139,0
18141,0
18143,0
18145,0
18147,0
18149,0
18151,0
18153,0
18155,0
18157,0
18159,0
18161,0
18163,0
18165,0
18167,0
18169,0
18171,0
18173,0
18175,0
18177,0
18179,0
18181,0
18183,0
19001,0
19003,0
19005,0
19007,0
19009,0
19011,0
19013,0
19015,0
19017,0
19019,0
19021,0
19023,0
19025,0
19027,0
19029,0
19031,0
19033,0
19035,0
19037,0
19039,0
19041,0
19043,0
19045,0
19047,0
19049,0
19051,0
19053,0
19055,0
19057,0
19059,0
19061,0
19063,0
19065,0
19067,0
19069,0
19071,0
19073,0
19075,0
19077,0
19079,0
19081,0
19083,0
19085,0
19087,0
19089,0
19091,0
19093,0
19095,0
19097,0
19099,0
19101,0
19103,0
19105,0
19107,0
19109,0
19111,0
19113,0
19115,0
19117,0
19119,0
19121,0
19123,0
19125,0
19127,0
19129,0
19131,0
19133,0
19135,0
19137,0
19139,0
19141,0
19143,0
19145,0
19147,0
19149,0
19151,0
19153,0
19155,0
19157,0
19159,0
19161,0
19163,0
19165,0
19167,0
19169,0
19171,0
19173,0
19175,0
19177,0
19179,0
19181,0
19183,0
19185,0
19187,0
19189,0
19191,0
19193,0
19195,0
19197,0
20001,2
20003,2
20005,2
20007,2
20009,2
20011,2
20013,2
20015,2
20017,2
20019,2
20021,2
20023,2
20025,2
20027,2
20029,2
20031,2
20033,2
20035,2
20037,2
20039,2
20041,2
20043,2
20045,2
20047,2
20049,2
20051,2
20053,2
20055,2
20057,2
20059,2
20061,2
20063,2
20065,2
20067,2
20069,2
20071,2
20073,2
20075,2
20077,2
20079,2
20081,2
20083,2
20085,2
20087,2
20089,2
20091,2
20093,2
20095,2
20097,2
20099,2
20101,2
20103,2
20105,2
20107,2
20109,2
20111,2
20113,2
20115,2
20117,2
20119,2
20121,2
20123,2
20125,2
20127,2
20129,2
20131,2
20133,2
20135,2
20137,2
20139,2
20141,2
20143,2
20145,2
20147,2
20149,2
20151,2
20153,2
20155,2
20157,2
20159,2
20161,2
20163,2
20165,2
20167,2
20169,2
20171,2
20173,0
20175,2
20177,2
20179,2
20181,2
20183,2
20185,2
20187,0
20189,2
20191,2
20193,2
20195,2
20197,2
20199,0
20201,2
20203,2
20205,2
20207,2
20209,2
21001,2
21003,2
21005,2
21007,2
21009,2
21011,2
21013,2
21015,2
21017,2
21019,2
21021,2
21023,2
21025,2
21027,2
21029,2
21031,2
21033,2
21035,2
21037,2
21039,2
21041,2
21043,2
21045,2
21047,2
21049,2
21051,2
21053,2
21055,2
21057,2
21059,2
21061,2
21063,2
21065,2
21067,2
21069,2
21071,2
21073,2
21075,2
21077,2
21079,2
21081,2
21083,2
21085,2
21087,2
21089,2
21091,2
21093,2
21095,2
21097,2
21099,2
21101,2
21103,2
21105,2
21107,2
21109,2
21111,2
21113,2
21115,2
21117,2
21119,2
21121,2
21123,2
21125,2
21127,2
21129,2
21131,2
21133,2
21135,2
21137,2
21139,2
21141,2
21143,2
21145,2
21147,2
21149,2
21151,2
21153,2
21155,2
21157,2
21159,2
21161,2
21163,2
21165,2
21167,2
21169,2
21171,2
21173,2
21175,2
21177,2
21179,2
21181,2
21183,2
21185,2
21187,2
21189,2
21191,2
21193,2
21195,2
21197,2
21199,2
21201,2
21203,2
21205,2
21207,2
21209,2
21211,2
21213,2
21215,2
21217,2
21219,2
21221,2
21223,2
21225,2
21227,2
21229,2
21231,2
21233,2
21235,2
21237,2
21239,2
22001,2
22003,2
22005,2
22007,2
22009,2
22011,2
22013,2
22015,2
22017,0
22019,0
22021,2
22023,2
22025,2
22027,2
22029,2
22031,2
22033,0
22035,2
22037,2
22039,2
22041,2
22043,2
22045,2
22047,2
22049,2
22051,2
22053,2
22055,0
22057,2
22059,2
22061,2
22063,2
22065,2
22067,2
22069,2
22071,0
22073,2
22075,2
22077,2
22079,2
22081,2
22083,2
22085,2
22087,2
22089,2
22091,2
22093,2
22095,2
22097,2
22099,2
22101,2
22103,2
22105,2
22107,2
22109,2
22111,2
22113,2
22115,2
22117,2
22119,2
22121,2
22123,2
22125,2
22127,2
23001,2
23003,2
23005,2
23007,2
23009,2
23011,2
23013,2
23015,2
23017,2
23019,2
23021,2
23023,2
23025,2
23027,2
23029,2
23031,2
24001,0
24003,0
24005,0
24009,0
24011,0
24013,0
24015,0
24017,0
24019,0
24021,0
24023,0
24025,0
24027,0
24029,0
24031,0
24033,0
24035,0
24037,0
24039,0
24041,0
24043,0
24045,0
24047,0
24510,0
25001,2
25003,2
25005,2
25007,2
25009,2
25011,2
25013,2
25015,2
25017,2
25019,2
25021,2
25023,2
25025,0
25027,2
26001,2
26003,2
26005,2
26007,2
26009,2
26011,2
26013,2
26015,2
26017,2
26019,2
26021,2
26023,2
26025,2
26027,2
26029,2
26031,2
26033,2
26035,2
26037,2
26039,2
26041,2
26043,2
26045,2
26047,2
26049,2
26051,2
26053,2
26055,2
26057,2
26059,2
26061,2
26063,2
26065,2
26067,2
26069,2
26071,2
26073,2
26075,2
26077,2
26079,2
26081,2
26083,2
26085,2
26087,2
26089,2
26091,2
26093,2
26095,2
26097,2
26099,2
26101,2
26103,2
26105,2
26107,2
26109,2
26111,2
26113,2
26115,2
26117,2
26119,2
26121,2
26123,2
26125,2
26127,2
26129,2
26131,2
26133,2
26135,2
26137,2
26139,2
26141,2
26143,2
26145,2
26147,2
26149,2
26151,2
26153,2
26155,2
26157,2
26159,2
26161,2
26163,0
26165,2
27001,0
27003,0
27005,0
27007,0
27009,0
27011,0
27013,0
27015,0
27017,0
27019,0
27021,0
27023,0
27025,0
27027,0
27029,0
27031,0
27033,0
27035,0
27037,0
27039,0
27041,0
27043,0
27045,0
27047,0
27049,0
27051,0
27053,0
27055,0
27057,0
27059,0
27061,0
27063,0
27065,0
27067,0
27069,0
27071,0
27073,0
27075,0
27077,0
27079,0
27081,0
27083,0
27085,0
27087,0
27089,0
27091,0
27093,0
27095,0
27097,0
27099,0
27101,0
27103,0
27105,0
27107,0
27109,0
27111,0
27113,0
27115,0
27117,0
27119,0
27121,0
27123,0
27125,0
27127,0
27129,0
27131,0
27133,0
27135,0
27137,0
27139,0
27141,0
27143,0
27145,0
27147,0
27149,0
27151,0
27153,0
27155,0
27157,0
27159,0
27161,0
27163,0
27165,0
27167,0
27169,0
27171,0
27173,0
28001,2
28003,2
28005,2
28007,2
28009,2
28011,2
28013,2
28015,2
28017,2
28019,2
28021,2
28023,2
28025,2
28027,2
28029,2
28031,2
28033,2
28035,2
28037,2
28039,2
28041,2
28043,2
28045,2
28047,0
28049,2
28051,2
28053,2
28055,2
28057,2
28059,2
28061,2
28063,2
28065,2
28067,2
28069,2
28071,2
28073,2
28075,2
28077,2
28079,2
28081,2
28083,2
28085,2
28087,2
28089,2
28091,2
28093,2
28095,2
28097,2
28099,2
28101,2
28103,2
28105,2
28107,2
28109,2
28111,2
28113,2
28115,2
28117,2
28119,2
28121,2
28123,2
28125,2
28127,2
28129,2
28131,2
28133,2
28135,2
28137,2
28139,2
28141,2
28143,2
28145,2
28147,2
28149,2
28151,2
28153,2
28155,2
28157,2
28159,2
28161,2
28163,2
29001,2
29003,2
29005,2
29007,2
29009,2
29011,2
29013,2
29015,2
29017,2
29019,2
29021,2
29023,2
29025,2
29027,2
29029,2
29031,2
29033,2
29035,2
29037,2
29039,2
29041,2
29043,2
29045,2
29047,0
29049,2
29051,2
29053,2
29055,2
29057,2
29059,2
29061,2
29063,2
29065,2
29067,2
29069,2
29071,2
29073,2
29075,2
29077,2
29079,2
29081,2
29083,2
29085,2
29087,2
29089,2
29091,2
29093,2
29095,0
29097,2
29099,2
29101,2
29103,2
29105,2
29107,2
29109,2
29111,2
29113,2
29115,2
29117,2
29119,2
29121,2
29123,2
29125,2
29127,2
29129,2
29131,2
29133,2
29135,2
29137,2
29139,2
29141,2
29143,2
29145,2
29147,2
29149,2
29151,2
29153,2
29155,2
29157,2
29159,2
29161,2
29163,2
29165,0
29167,2
29169,2
29171,2
29173,2
29175,2
29177,2
29179,2
29181,2
29183,2
29185,2
29186,2
29187,2
29189,2
29195,2
29197,2
29199,2
29201,2
29203,2
29205,2
29207,2
29209,2
29211,2
29213,2
29215,2
29217,2
29219,2
29221,2
29223,2
29225,2
29227,2
29229,2
29510,2
30001,0
30003,0
30005,0
30007,0
30009,0
30011,0
30013,0
30015,0
30017,0
30019,0
30021,0
30023,0
30025,0
30027,0
30029,0
30031,0
30033,0
30035,0
30037,0
30039,0
30041,0
30043,0
30045,0
30047,0
30049,0
30051,0
30053,0
30055,0
30057,0
30059,0
30061,0
30063,0
30065,0
30067,0
30069,0
30071,0
30073,0
30075,0
30077,0
30079,0
30081,0
30083,0
30085,0
30087,0
30089,0
30091,0
30093,0
30095,0
30097,0
30099,0
30101,0
30103,0
30105,0
30107,0
30109,0
30111,0
31001,0
31003,0
31005,0
31007,0
31009,0
31011,0
31013,0
31015,0
31017,0
31019,0
31021,0
31023,0
31025,0
31027,0
31029,0
31031,0
31033,0
31035,0
31037,0
31039,0
31041,0
31043,0
31045,0
31047,0
31049,0
31051,0
31053,0
31055,0
31057,0
31059,0
31061,0
31063,0
31065,0
31067,0
31069,0
31071,0
31073,0
31075,0
31077,0
31079,0
31081,0
31083,0
31085,0
31087,0
31089,0
31091,0
31093,0
31095,0
31097,0
31099,0
31101,0
31103,0
31105,0
31107,0
31109,0
31111,0
31113,0
31115,0
31117,0
31119,0
31121,0
31123,0
31125,0
31127,0
31129,0
31131,0
31133,0
31135,0
31137,0
31139,0
31141,0
31143,0
31145,0
31147,0
31149,0
31151,0
31153,0
31155,0
31157,0
31159,0
31161,0
31163,0
31165,0
31167,0
31169,0
31171,0
31173,0
31175,0
31177,0
31179,0
31181,0
31183,0
31185,0
32001,2
32003,0
32005,2
32007,2
32009,0
32011,0
32013,2
32015,2
32017,2
32019,2
32021,2
32023,2
32027,2
32029,2
32031,0
32033,2
32510,2
33001,2
33003,2
33005,2
33007,2
33009,2
33011,2
33013,2
33015,2
33017,2
33019,2
34001,0
34003,0
34005,0
34007,0
34009,0
34011,0
34013,0
34015,0
34017,0
34019,0
34021,0
34023,0
34025,0
34027,0
34029,0
34031,0
34033,0
34035,0
34037,0
34039,0
34041,0
35001,2
35003,2
35005,2
35006,2
35007,2
35009,2
35011,2
35013,2
35015,2
35017,2
35019,2
35021,2
35023,2
35025,2
35027,2
35028,2
35029,2
35031,2
35033,2
35035,2
35037,2
35039,2
35041,2
35043,2
35045,2
35047,2
35049,2
35051,2
35053,2
35055,2
35057,2
35059,2
35061,2
36001,2
36003,2
36005,2
36007,2
36009,2
36011,2
36013,2
36015,2
36017,2
36019,2
36021,2
36023,2
36025,2
36027,2
36029,2
36031,2
36033,2
36035,2
36037,2
36039,2
36041,2
36043,2
36045,2
36047,2
36049,2
36051,2
36053,2
36055,2
36057,2
36059,2
36061,2
36063,2
36065,2
36067,2
36069,2
36071,2
36073,2
36075,2
36077,2
36079,2
36081,2
36083,2
36085,2
36087,2
36089,2
36091,2
36093,2
36095,2
36097,2
36099,2
36101,2
36103,2
36105,2
36107,2
36109,2
36111,2
36113,2
36115,2
36117,2
36119,2
36121,2
36123,2
37001,2
37003,2
37005,2
37007,2
37009,2
37011,2
37013,2
37015,2
37017,2
37019,2
37021,2
37023,2
37025,2
37027,2
37029,2
37031,2
37033,2
37035,2
37037,2
37039,2
37041,2
37043,2
37045,2
37047,2
37049,2
37051,0
37053,2
37055,2
37057,2
37059,2
37061,2
37063,0
37065,2
37067,2
37069,2
37071,0
37073,2
37075,2
37077,2
37079,2
37081,2
37083,2
37085,2
37087,2
37089,2
37091,2
37093,2
37095,2
37097,2
37099,2
37101,2
37103,2
37105,2
37107,2
37109,2
37111,2
37113,2
37115,2
37117,2
37119,0
37121,2
37123,2
37125,2
37127,2
37129,2
37131,2
37133,2
37135,2
37137,2
37139,2
37141,2
37143,2
37145,2
37147,2
37149,2
37151,2
37153,2
37155,2
37157,2
37159,2
37161,2
37163,2
37165,2
37167,2
37169,2
37171,2
37173,2
37175,2
37177,2
37179,0
37181,2
37183,0
37185,2
37187,2
37189,2
37191,2
37193,2
37195,2
37197,2
37199,2
38001,1
38003,1
38005,1
38007,0
38009,1
38011,1
38013,1
38015,1
38017,1
38019,1
38021,1
38023,1
38025,1
38027,1
38029,1
38031,1
38033,1
38035,1
38037,1
38039,1
38041,1
38043,1
38045,1
38047,1
38049,1
38051,1
38053,1
38055,1
38057,1
38059,1
38061,1
38063,1
38065,1
38067,1
38069,1
38071,1
38073,1
38075,1
38077,1
38079,1
38081,1
38083,1
38085,1
38087,0
38089,1
38091,1
38093,1
38095,1
38097,1
38099,1
38101,1
38103,1
38105,1
39001,0
39003,0
39005,0
39007,0
39009,0
39011,0
39013,0
39015,0
39017,0
39019,0
39021,0
39023,0
39025,0
39027,0
39029,0
39031,0
39033,0
39035,0
39037,0
39039,0
39041,0
39043,0
39045,0
39047,0
39049,0
39051,0
39053,0
39055,0
39057,0
39059,0
39061,0
39063,0
39065,0
39067,0
39069,0
39071,0
39073,0
39075,0
39077,0
39079,0
39081,0
39083,0
39085,0
39087,0
39089,0
39091,0
39093,0
39095,0
39097,0
39099,0
39101,0
39103,0
39105,0
39107,0
39109,0
39111,0
39113,0
39115,0
39117,0
39119,0
39121,0
39123,0
39125,0
39127,0
39129,0
39131,0
39133,0
39135,0
39137,0
39139,0
39141,0
39143,0
39145,0
39147,0
39149,0
39151,0
39153,0
39155,0
39157,0
39159,0
39161,0
39163,0
39165,0
39167,0
39169,0
39171,0
39173,0
39175,0
40001,2
40003,2
40005,2
40007,2
40009,2
40011,2
40013,2
40015,2
40017,2
40019,2
40021,2
40023,2
40025,2
40027,2
40029,2
40031,2
40033,2
40035,2
40037,2
40039,2
40041,2
40043,2
40045,2
40047,2
40049,2
40051,2
40053,2
40055,2
40057,2
40059,2
40061,2
40063,2
40065,2
40067,2
40069,2
40071,2
40073,2
40075,2
40077,2
40079,2
40081,2
40083,2
40085,2
40087,2
40089,2
40091,2
40093,2
40095,2
40097,2
40099,2
40101,2
40103,2
40105,2
40107,2
40109,2
40111,2
40113,2
40115,2
40117,2
40119,2
40121,2
40123,2
40125,2
40127,2
40129,2
40131,2
40133,2
40135,2
40137,2
40139,2
40141,2
40143,2
40145,2
40147,2
40149,2
40151,2
40153,2
41001,0
41003,0
41005,0
41007,0
41009,0
41011,0
41013,0
41015,0
41017,0
41019,0
41021,0
41023,0
41025,0
41027,0
41029,0
41031,0
41033,0
41035,0
41037,0
41039,0
41041,0
41043,0
41045,0
41047,0
41049,0
41051,0
41053,0
41055,0
41057,0
41059,0
41061,0
41063,0
41065,0
41067,0
41069,0
41071,0
42001,0
42003,0
42005,0
42007,0
42009,0
42011,0
42013,0
42015,0
42017,0
42019,0
42021,0
42023,0
42025,0
42027,0
42029,0
42031,0
42033,0
42035,0
42037,0
42039,0
42041,0
42043,0
42045,0
42047,0
42049,0
42051,0
42053,0
42055,0
42057,0
42059,0
42061,0
42063,0
42065,0
42067,0
42069,0
42071,0
42073,0
42075,0
42077,0
42079,0
42081,0
42083,0
42085,0
42087,0
42089,0
42091,0
42093,0
42095,0
42097,0
42099,0
42101,0
42103,0
42105,0
42107,0
42109,0
42111,0
42113,0
42115,0
42117,0
42119,0
42121,0
42123,0
42125,0
42127,0
42129,0
42131,0
42133,0
44001,2
44003,2
44005,2
44007,2
44009,2
45001,2
45003,2
45005,2
45007,0
45009,2
45011,2
45013,2
45015,2
45017,2
45019,2
45021,2
45023,2
45025,2
45027,2
45029,2
45031,2
45033,2
45035,2
45037,2
45039,2
45041,2
45043,2
45045,0
45047,2
45049,2
45051,0
45053,2
45055,2
45057,2
45059,2
45061,2
45063,2
45065,2
45067,2
45069,2
45071,2
45073,2
45075,2
45077,2
45079,0
45081,2
45083,0
45085,2
45087,2
45089,2
45091,2
46003,2
46005,2
46007,2
46009,2
46011,2
46013,2
46015,2
46017,2
46019,2
46021,2
46023,2
46025,2
46027,2
46029,2
46031,2
46033,2
46035,2
46037,2
46039,2
46041,2
46043,2
46045,2
46047,2
46049,0
46051,2
46053,2
46055,2
46057,2
46059,0
46061,2
46063,0
46065,2
46067,2
46069,2
46071,2
46073,2
46075,0
46077,2
46079,2
46081,2
46083,2
46085,2
46087,2
46089,2
46091,2
46093,2
46095,2
46097,2
46099,2
46101,2
46102,2
46103,2
46105,2
46107,2
46109,2
46111,2
46115,2
46117,2
46119,2
46121,2
46123,2
46125,2
46127,2
46129,2
46135,2
46137,2
47001,2
47003,2
47005,2
47007,2
47009,2
47011,2
47013,2
47015,2
47017,2
47019,2
47021,2
47023,2
47025,2
47027,2
47029,2
47031,2
47033,2
47035,2
47037,2
47039,2
47041,2
47043,2
47045,2
47047,2
47049,2
47051,2
47053,2
47055,2
47057,2
47059,2
47061,2
47063,2
47065,2
47067,2
47069,2
47071,2
47073,2
47075,2
47077,2
47079,2
47081,2
47083,2
47085,2
47087,2
47089,2
47091,2
47093,2
47095,2
47097,2
47099,2
47101,2
47103,2
47105,2
47107,2
47109,2
47111,2
47113,2
47115,2
47117,2
47119,2
47121,2
47123,2
47125,2
47127,2
47129,2
47131,2
47133,2
47135,2
47137,2
47139,2
47141,2
47143,2
47145,2
47147,2
47149,2
47151,2
47153,2
47155,2
47157,0
47159,2
47161,2
47163,2
47165,2
47167,2
47169,2
47171,2
47173,2
47175,2
47177,2
47179,2
47181,2
47183,2
47185,2
47187,2
47189,2
48001,2
48003,2
48005,2
48007,2
48009,2
48011,2
48013,2
48015,2
48017,2
48019,2
48021,2
48023,2
48025,2
48027,0
48029,2
48031,2
48033,2
48035,2
48037,2
48039,2
48041,2
48043,2
48045,2
48047,2
48049,2
48051,2
48053,2
48055,2
48057,2
48059,2
48061,2
48063,2
48065,2
48067,2
48069,2
48071,2
48073,2
48075,2
48077,2
48079,2
48081,2
48083,2
48085,0
48087,2
48089,2
48091,2
48093,2
48095,0
48097,2
48099,2
48101,2
48103,2
48105,2
48107,2
48109,2
48111,2
48113,2
48115,2
48117,2
48119,2
48121,2
48123,2
48125,2
48127,2
48129,2
48131,2
48133,2
48135,2
48137,2
48139,2
48141,0
48143,2
48145,2
48147,2
48149,2
48151,2
48153,2
48155,2
48157,2
48159,2
48161,2
48163,2
48165,2
48167,2
48169,2
48171,2
48173,0
48175,2
48177,2
48179,2
48181,2
48183,2
48185,2
48187,2
48189,2
48191,2
48193,2
48195,2
48197,2
48199,2
48201,2
48203,2
48205,2
48207,2
48209,2
48211,2
48213,2
48215,0
48217,2
48219,2
48221,2
48223,2
48225,2
48227,2
48229,2
48231,2
48233,2
48235,2
48237,2
48239,2
48241,2
48243,0
48245,2
48247,2
48249,2
48251,2
48253,2
48255,2
48257,2
48259,2
48261,0
48263,0
48265,2
48267,2
48269,0
48271,2
48273,2
48275,2
48277,2
48279,2
48281,2
48283,2
48285,2
48287,2
48289,2
48291,2
48293,2
48295,2
48297,2
48299,2
48301,0
48303,2
48305,2
48307,2
48309,2
48311,0
48313,2
48315,2
48317,2
48319,2
48321,2
48323,2
48325,2
48327,2
48329,2
48331,2
48333,2
48335,2
48337,2
48339,0
48341,2
48343,2
48345,0
48347,2
48349,2
48351,2
48353,2
48355,0
48357,2
48359,2
48361,2
48363,2
48365,2
48367,2
48369,2
48371,2
48373,2
48375,2
48377,2
48379,2
48381,2
48383,2
48385,2
48387,2
48389,2
48391,2
48393,0
48395,2
48397,2
48399,2
48401,2
48403,2
48405,2
48407,2
48409,2
48411,2
48413,2
48415,2
48417,2
48419,2
48421,0
48423,1
48425,2
48427,2
48429,2
48431,0
48433,2
48435,2
48437,2
48439,0
48441,2
48443,2
48445,2
48447,0
48449,2
48451,2
48453,2
48455,2
48457,2
48459,2
48461,2
48463,2
48465,2
48467,2
48469,2
48471,2
48473,2
48475,2
48477,2
48479,2
48481,2
48483,2
48485,2
48487,2
48489,2
48491,2
48493,2
48495,2
48497,2
48499,2
48501,2
48503,2
48505,2
48507,2
49001,2
49003,2
49005,2
49007,2
49009,2
49011,2
49013,2
49015,2
49017,2
49019,2
49021,2
49023,2
49025,2
49027,2
49029,2
49031,2
49033,2
49035,2
49037,2
49039,2
49041,2
49043,2
49045,2
49047,2
49049,2
49051,2
49053,2
49055,2
49057,2
50001,2
50003,2
50005,2
50007,2
50009,2
50011,2
50013,2
50015,2
50017,2
50019,2
50021,2
50023,2
50025,2
50027,2
51001,2
51003,2
51005,2
51007,2
51009,2
51011,2
51013,2
51015,2
51017,2
51019,2
51021,2
51023,2
51025,2
51027,2
51029,2
51031,2
51033,2
51035,2
51036,2
51037,2
51041,2
51043,2
51045,2
51047,2
51049,2
51051,2
51053,2
51057,2
51059,0
51061,2
51063,2
51065,2
51067,2
51069,2
51071,2
51073,2
51075,2
51077,2
51079,2
51081,2
51083,2
51085,2
51087,2
51089,2
51091,2
51093,2
51095,2
51097,2
51099,2
51101,2
51103,2
51105,2
51107,2
51109,2
51111,2
51113,2
51115,2
51117,2
51119,2
51121,2
51125,2
51127,2
51131,2
51133,2
51135,2
51137,2
51139,2
51141,2
51143,2
51145,2
51147,2
51149,2
51153,2
51155,2
51157,2
51159,2
51161,2
51163,2
51165,2
51167,2
51169,2
51171,2
51173,2
51175,2
51177,2
51179,2
51181,2
51183,2
51185,2
51187,2
51191,2
51193,2
51195,2
51197,2
51199,2
51510,2
51520,2
51530,2
51540,2
51550,2
51570,2
51580,2
51590,2
51595,2
51600,2
51610,2
51620,2
51630,2
51640,2
51650,2
51660,2
51670,2
51678,2
51680,2
51683,2
51685,2
51690,2
51700,2
51710,2
51720,2
51730,2
51735,2
51740,2
51750,2
51760,2
51770,2
51775,2
51790,2
51800,2
51810,2
51820,2
51830,2
51840,2
53001,0
53003,2
53005,2
53007,2
53009,2
53011,2
53013,0
53015,2
53017,2
53019,2
53021,2
53023,2
53025,0
53027,2
53029,0
53031,2
53033,0
53035,2
53037,0
53039,0
53041,2
53043,2
53045,2
53047,0
53049,0
53051,0
53053,2
53055,2
53057,2
53059,2
53061,2
53063,0
53065,2
53067,2
53069,2
53071,0
53073,2
53075,2
53077,1
54001,2
54003,2
54005,2
54007,2
54009,2
54011,2
54013,2
54015,2
54017,2
54019,2
54021,2
54023,2
54025,2
54027,2
54029,2
54031,2
54033,2
54035,2
54037,2
54039,2
54041,2
54043,2
54045,2
54047,2
54049,2
54051,2
54053,2
54055,2
54057,2
54059,2
54061,2
54063,2
54065,2
54067,2
54069,2
54071,2
54073,2
54075,2
54077,2
54079,2
54081,2
54083,2
54085,2
54087,2
54089,2
54091,2
54093,2
54095,2
54097,2
54099,2
54101,2
54103,2
54105,2
54107,2
54109,2
55001,2
55003,2
55005,2
55007,2
55009,2
55011,2
55013,2
55015,2
55017,2
55019,2
55021,2
55023,2
55025,2
55027,2
55029,2
55031,2
55033,2
55035,2
55037,2
55039,2
55041,2
55043,2
55045,2
55047,2
55049,2
55051,2
55053,2
55055,2
55057,2
55059,2
55061,2
55063,2
55065,2
55067,2
55069,2
55071,2
55073,2
55075,2
55077,2
55078,2
55079,0
55081,2
55083,2
55085,2
55087,2
55089,2
55091,2
55093,2
55095,2
55097,2
55099,2
55101,2
55103,2
55105,2
55107,2
55109,2
55111,2
55113,2
55115,2
55117,2
55119,2
55121,2
55123,2
55125,2
55127,2
55129,2
55131,2
55133,0
55135,2
55137,2
55139,2
55141,2
56001,0
56003,0
56005,0
56007,0
56009,0
56011,0
56013,0
56015,0
56017,0
56019,0
56021,0
56023,0
56025,0
56027,0
56029,0
56031,0
56033,0
56035,0
56037,0
56039,0
56041,0
56043,0
56045,0
60010,0
60020,0
60030,0
60040,0
60050,0
66010,0
69085,0
69100,0
69110,0
69120,0
72001,0
72003,0
72005,0
72007,0
72009,0
72011,0
72013,0
72015,0
72017,0
72019,0
72021,0
72023,0
72025,0
72027,0
72029,0
72031,0
72033,0
72035,0
72037,0
72039,0
72041,0
72043,0
72045,0
72047,0
72049,0
72051,0
72053,0
72054,0
72055,0
72057,0
72059,0
72061,0
72063,0
72065,0
72067,0
72069,0
72071,0
72073,0
72075,0
72077,0
72079,0
72081,0
72083,0
72085,0
72087,0
72089,0
72091,0
72093,0
72095,0
72097,0
72099,0
72101,0
72103,0
72105,0
72107,0
72109,0
72111,0
72113,0
72115,0
72117,0
72119,0
72121,0
72123,0
72125,0
72127,0
72129,0
72131,0
72133,0
72135,0
72137,0
72139,0
72141,0
72143,0
72145,0
72147,0
72149,0
72151,0
72153,0
78010,0
78020,0
78030,0