GEOID,source
13031,3
13121,3
13179,3
13189,3
13213,2
13209,2
13139,3
13245,0
13049,2
13141,1
13157,3
13315,1
13241,1
13269,1
13177,3
13279,3
13007,1
34015,0
34023,0
34035,0
34031,0
34021,0
34009,0
35031,3
35013,3
28059,3
2170,3
35033,2
53067,3
51147,3
1009,3
1095,3
51029,3
51139,3
53017,3
51153,3
51171,3
1043,3
51061,3
53021,3
53019,1
53029,0
53075,3
33017,3
31093,1
31115,0
51001,3
21101,3
21093,3
51119,2
22075,3
22107,1
51193,3
22119,3
23027,3
51091,1
21013,3
21131,2
51083,3
23023,3
21235,3
24041,0
24033,0
24035,0
24023,0
51165,3
37083,3
37179,0
37129,3
37163,3
37031,3
37183,0
37119,0
37087,3
37141,3
37021,3
37047,3
37039,3
37171,3
37093,3
37105,3
37173,2
37015,3
37175,3
18083,0
18183,0
18089,0
18051,0
18071,0
18061,0
21071,3
20123,1
21043,3
21085,3
21011,2
21099,2
20149,3
21189,2
21003,3
21109,2
21205,3
21147,3
21031,2
20203,1
17031,0
17027,3
17079,2
17171,1
17185,2
17047,1
39043,0
6001,3
6081,3
6065,0
6095,3
6103,3
6111,3
6083,3
36081,3
6093,3
6115,3
6033,3
6061,3
6005,3
6043,3
8029,0
12119,3
12069,3
8069,0
9009,3
9007,3
12079,3
12127,3
12099,3
12113,3
12125,3
12093,3
8083,0
42033,0
42125,0
42031,0
42097,0
42061,0
55099,3
55121,3
55075,3
55001,3
30051,0
30005,0
30077,0
30057,0
30003,0
30073,0
30045,0
30009,0
30085,0
30069,0
49035,3
49011,3
1097,3
49025,2
1033,3
1041,3
1065,3
1109,3
36011,3
36025,3
36115,3
48029,3
48423,2
48201,3
48471,3
48257,3
48223,3
48321,3
48473,3
48215,0
48323,3
48187,3
48343,3
48389,3
48071,3
48351,2
48057,3
48455,3
40017,3
40135,3
40117,2
40101,3
40127,2
40075,2
41023,0
41061,0
41007,0
41003,0
41015,0
1131,3
1079,3
1035,3
5067,3
5001,3
5011,3
5025,2
5099,2
48273,3
48179,3
48195,1
48379,3
48277,3
45063,3
45051,0
45013,3
45045,0
45069,3
45021,3
45007,0
45087,3
45027,3
45061,3
45039,3
45017,3
45043,3
21181,2
22103,3
47037,3
47045,3
47129,3
46023,3
47163,3
47055,2
47107,3
47031,3
46055,1
47173,3
47189,3
46079,3
20151,2
47097,3
47079,3
56039,0
56029,0
54043,3
54001,3
54037,3
54049,3
54109,3
54005,3
16005,3
4001,0
12045,3
12123,3
29201,3
29069,3
29129,1
29031,3
25027,3
26163,0
26021,3
26077,3
26033,3
26071,2
37055,3
48443,1
48205,1
72113,0
72097,0
72037,0
60030,0
4013,0
15001,0
27167,0
27133,0
27119,0
27069,0
27125,0
27023,0
26097,1
38067,2
48405,1
48119,2
22019,0
22005,3
22071,0
22113,3
22043,3
38005,2
38097,2
38095,2
38037,1
28093,3
28001,3
28121,3
28143,3
28095,3
28039,2
28087,3
28163,3
28053,3
16061,2
16079,2
16077,2
2020,3
25011,3
51121,3
51075,2
51093,3
51137,3
51023,3
51009,3
51007,2
51097,1
51081,3
2066,1
2240,3
2195,3
2275,3
2164,1
2110,3
2282,1
32011,0
29197,1
48301,0
48155,1
31015,0
78010,0
78020,0
23021,3
16025,1
8107,0
8097,0
8117,0
8053,0
8023,0
8065,0
8057,0
13073,3
13205,3
34007,0
34027,0
34017,0
34001,0
34025,0
34011,0
34019,0
35045,3
35017,3
35007,3
35051,3
35055,3
1089,0
1117,3
1121,3
1073,0
53027,3
53049,0
1055,3
53011,3
53073,3
51107,3
13319,1
13021,3
13143,2
13151,3
13215,3
13113,3
13025,2
13301,2
13123,1
13183,2
13277,3
13291,2
13263,1
13265,1
37069,3
37123,3
37199,3
37155,3
37167,3
37161,3
37065,3
37041,3
37149,3
37113,3
37007,3
37023,3
37121,3
19075,0
19149,0
19117,0
19025,0
19111,0
18117,0
19163,0
19131,0
18125,0
18027,0
18123,0
20043,3
20145,2
21209,3
21107,3
21017,3
21079,3
21049,3
21051,3
20119,2
21239,3
20071,1
21005,3
21165,2
17163,3
17089,0
17167,3
17017,3
17161,3
17177,3
17109,3
17129,2
17125,2
39093,0
39061,0
39007,0
39167,0
39123,0
39079,0
6037,3
6087,3
6039,3
6019,3
6097,0
6099,3
6107,3
6013,3
6047,3
36047,3
36005,3
6105,3
36119,3
36071,3
6025,3
51019,3
1001,3
53009,1
53071,0
51089,3
53007,3
53025,0
53057,3
53037,0
1107,3
53043,2
33015,3
33007,3
32031,0
31071,1
31155,2
31089,2
31183,1
24039,0
24037,0
21111,3
22051,3
51159,2
51133,2
51057,3
21135,2
22031,3
22029,3
22111,2
21007,3
51103,2
21133,3
23003,3
21121,3
21167,3
21179,3
21125,3
21097,3
21029,3
51143,3
21217,3
51099,3
21159,3
21123,3
22109,3
24001,0
24003,0
24029,0
24013,0
25009,3
25013,3
24047,0
25025,0
37127,3
37099,3
37115,3
37079,3
37147,3
42101,0
42049,0
42091,0
42079,0
42095,0
42043,0
42071,0
42013,0
42035,0
42055,0
42067,0
44007,3
42051,0
44009,3
55061,2
55011,3
48213,3
48037,3
48331,3
48315,3
48081,1
48475,3
48163,3
48313,3
48083,2
48289,3
48005,3
40143,3
40089,3
40113,3
40087,3
40141,2
40095,3
40077,2
40055,2
40151,2
41047,0
41057,0
41065,0
41043,0
41021,0
41063,0
41017,0
1119,3
5039,3
5013,2
5081,3
5029,3
16087,3
5003,3
5103,3
5019,3
5073,2
5063,3
5147,2
5093,3
6003,1
5091,3
5095,3
5017,3
16081,2
48477,3
48075,2
48487,3
48333,1
48411,2
48419,3
48105,1
48051,3
55111,3
55003,2
55023,3
55037,1
55051,2
30093,0
30037,0
30083,0
30059,0
30047,0
30061,0
30015,0
49043,3
49003,3
49051,3
49005,3
49001,2
49047,3
49019,2
1025,3
1039,3
1099,3
1005,3
1085,3
1051,3
36075,3
36069,3
36117,3
36051,3
36027,3
36077,3
36113,3
36009,3
48113,3
48085,0
48453,3
48181,3
48141,0
48039,3
48409,3
48199,3
6101,3
6027,2
6109,3
36013,3
6011,3
6057,3
36017,3
6015,3
8005,0
12095,0
12101,0
12071,3
12105,3
8051,0
9011,3
10001,3
11001,3
8113,0
12009,0
12097,3
12063,3
12017,3
12015,3
42089,0
12049,3
12077,3
12013,3
12047,3
12129,3
29095,0
29033,2
29029,3
29123,2
29023,3
29103,1
29171,1
29157,3
29003,2
25017,3
26003,2
26063,2
26129,3
26109,3
26073,3
26055,3
26013,2
26141,2
48063,3
48115,3
48287,3
27075,0
72147,0
72047,0
72141,0
72031,0
72039,0
72033,0
4009,0
4007,0
4021,0
15009,3
15007,3
16039,3
27137,0
27061,0
27145,0
27103,0
27127,0
27097,0
27089,0
27147,0
27031,0
27011,0
38105,2
38019,2
22069,3
22063,3
22099,3
22015,3
22127,2
22079,3
22091,3
22115,3
22001,3
22045,3
22025,2
22047,3
38099,2
38071,2
38031,2
38085,2
54013,2
54007,3
22081,2
28045,3
48407,3
48387,3
48055,3
45035,3
45083,0
45073,3
45047,3
45079,0
45031,3
45057,3
45055,3
45049,3
45067,3
21065,3
22055,0
47003,3
47035,3
47053,3
47159,2
47165,3
47149,3
46123,1
46093,3
46071,1
46075,0
47065,3
47089,3
47005,2
47185,3
47041,2
47001,3
47029,3
47145,3
47009,3
47147,3
47141,3
47043,3
47011,3
46085,1
47091,2
20001,3
47135,2
47183,3
47143,3
47127,1
47175,3
56033,0
56003,0
54107,3
54059,3
54011,3
54067,3
54083,3
54003,3
54053,3
54041,3
54073,2
54027,3
13219,2
13237,2
4012,0
13201,1
51149,3
51157,2
51067,3
51087,3
51017,1
51141,2
51177,3
51037,2
51109,3
51101,2
51033,3
51181,2
51678,2
13135,3
13103,3
13067,3
13089,0
13153,3
13229,2
13077,3
13317,2
13217,3
13019,3
19195,0
19029,0
20169,3
21203,3
21193,3
21069,3
21183,3
21175,2
20105,1
21063,2
17097,3
39035,0
39075,0
39095,0
6071,3
6041,3
36053,3
36029,3
6063,3
6079,3
36103,3
6009,3
36065,3
8035,0
12057,3
12117,3
9003,3
12055,3
8013,0
12031,3
12107,3
8093,0
8055,0
12109,0
42045,0
42111,0
42103,0
42027,0
44003,3
55059,3
30027,0
30081,0
30049,0
30087,0
30001,0
30013,0
30007,0
30055,0
49057,3
49049,3
49017,2
1003,0
13079,2
13001,2
28007,3
13283,1
48073,3
34029,0
34033,0
35039,3
35043,3
28149,3
35021,1
1129,3
53061,3
51015,3
53055,3
51031,3
53063,0
51051,2
51195,3
53015,3
33009,3
32019,3
24017,0
21095,3
21047,3
23013,3
23015,3
22035,3
21027,2
21127,2
21151,3
21231,3
51191,3
24025,0
24015,0
37089,3
37027,3
37133,3
37067,3
37193,3
37111,3
37117,3
37059,3
37103,3
32015,2
28047,0
28029,3
28011,3
28033,3
28103,3
28083,3
28137,3
48311,0
16043,2
16035,2
16029,2
16059,2
16083,3
16003,2
16031,3
48229,1
50009,3
29113,3
29013,2
29205,2
26115,3
26125,3
26099,3
26103,3
18023,0
48449,3
72095,0
27053,0
27071,0
27013,0
27015,0
27073,0
37053,3
38017,2
37177,3
48395,3
22013,3
22037,3
22053,3
22039,3
22009,3
38055,2
54093,2
48501,2
28161,2
16041,2
50021,3
51163,3
51145,2
51035,3
51630,3
51005,2
2070,3
2050,3
2185,2
2188,1
31117,0
78030,0
23007,3
8037,0
8091,0
8027,0
31103,1
8111,0
2150,3
1101,3
51063,2
51167,2
51047,3
53041,1
51003,3
13195,2
13039,3
13033,2
13127,3
13185,3
13105,2
37165,3
19045,0
19147,0
18173,0
18019,0
19063,0
20081,1
21115,3
21155,3
17043,0
17153,1
17165,3
39049,0
6067,2
6073,3
6089,3
36045,3
36105,3
36031,3
36107,3
48245,3
48499,3
48373,3
48427,3
48157,3
48467,3
48465,3
48481,3
48103,2
48035,2
48127,2
48175,2
40027,3
40145,3
40079,3
40067,3
41041,0
41033,0
41067,0
6051,3
5075,3
5057,3
5131,3
6091,1
16033,0
48007,3
48393,0
48399,2
48015,3
45003,3
45019,3
45041,3
45077,3
45075,3
21229,3
47105,2
47157,0
47025,3
47121,3
47063,3
47073,3
46009,2
46057,2
20101,1
56013,0
54039,3
54033,3
54045,3
16049,2
12065,3
12007,3
29183,3
29195,3
29143,3
37017,3
42127,0
42133,0
42063,0
44005,3
55057,3
48001,3
48025,3
48401,3
48233,3
40133,3
41039,0
5119,0
5139,3
5045,3
5109,2
5021,3
5121,3
27021,0
27173,0
16073,2
37143,3
38077,2
38045,2
38059,2
54063,3
54057,3
28049,3
45005,3
22033,0
47033,2
47081,2
47093,3
47013,3
47181,2
46083,3
46117,1
47057,3
47019,3
46041,1
20129,1
54099,3
54085,2
56035,0
54065,3
51073,3
51036,2
51595,3
28051,3
28055,1
12029,3
16015,2
16085,3
16027,3
50025,3
13013,3
13313,3
34041,0
53033,0
1063,3
31167,2
21037,3
51105,3
25005,3
37139,3
37107,3
20019,2
36043,3
12001,3
12083,3
8071,0
48391,2
48161,3
48403,2
30071,0
30063,0
30089,0
30105,0
30023,0
49013,3
49037,3
49023,2
36019,3
48457,3
48167,3
48139,3
48491,3
48061,3
48349,3
12103,3
12041,3
8059,0
9001,3
10003,3
12033,3
29037,3
29203,2
29041,2
26047,3
26147,3
26119,2
26153,2
72107,0
69110,0
69085,0
4025,0
4027,0
36085,3
36067,3
6023,3
6035,3
32003,0
32033,2
23005,3
21089,3
22117,3
20091,3
22123,2
23017,3
22125,2
21139,2
51069,3
23025,3
24005,0
24043,0
25021,3
24009,0
37013,3
37101,3
37035,3
37019,3
41001,0
5145,3
5107,3
5007,3
48185,3
30031,0
30099,0
49045,3
49029,1
50027,3
48091,3
8049,0
12053,3
29207,3
25015,3
48319,1
72023,0
27171,0
37029,3
48425,2
26083,1
22041,3
22083,3
54075,2
45071,3
22101,3
47119,3
47021,3
47049,3
54081,3
54021,3
51175,3
51179,3
51127,2
13091,2
28151,3
29087,1
13163,2
13051,3
13289,1
1023,3
53035,3
51187,3
1069,3
21195,3
22105,3
37061,3
37051,0
20059,3
39105,0
6045,3
8001,0
8077,0
12131,3
30033,0
48041,3
48489,3
48303,3
40023,3
41019,0
41031,0
5061,3
45081,3
45065,3
47085,2
54031,3
26107,3
72127,0
27107,0
48235,1
54103,3
16023,1
51085,3
2013,2
8043,0
8109,0
34013,0
1071,3
13029,3
13305,3
37085,3
18179,0
18025,0
21055,3
20161,3
21237,2
17189,2
6059,2
6007,3
1077,3
53031,3
22057,3
51117,3
51027,3
24011,0
42029,0
42017,0
55043,3
48207,2
30039,0
30053,0
30043,0
49055,2
48053,3
48283,3
48239,3
48011,1
45025,3
47179,3
46137,1
60050,0
29189,3
29099,3
48263,0
27165,0
27037,0
27077,0
22097,3
28109,3
37075,3
51011,2
51095,3
2100,3
16037,1
34039,0
1049,3
51077,2
13133,2
13075,3
13311,2
19107,0
18147,0
18029,0
21025,2
21153,2
17111,3
39069,0
6053,2
6017,3
53045,1
51059,0
21177,3
37091,3
37153,3
42129,0
42005,0
48459,3
48369,1
40125,3
22073,3
54023,3
45091,3
47123,3
46095,1
47151,3
46127,3
54019,3
4015,0
51199,3
51155,3
18129,0
21033,2
20023,1
6077,3
8123,0
37125,3
37131,3
28089,3
48355,0
48133,3
48469,3
41055,0
41045,0
5117,3
45059,3
47115,3
47167,3
13221,2
26053,3
27129,0
37095,3
22085,3
54095,3
28013,3
28021,3
46073,1
48261,0
8015,0
13107,3
37037,3
18175,0
20143,1
21067,3
36055,3
1047,3
1027,3
31055,3
22011,3
51185,3
24027,0
42041,0
55029,3
48059,2
48371,3
41005,0
5041,3
5149,3
30035,0
49015,2
49031,1
6021,3
8019,0
12037,3
29019,3
48435,1
27027,0
48327,1
22077,3
48107,2
22021,2
53077,2
13271,2
13191,2
20069,1
17003,2
6085,3
45015,3
47051,2
47117,3
66010,0
48067,3
41051,0
22059,2
47187,3
4005,0
49007,3
12023,3
26089,2
24031,0
13009,3
13181,1
1059,3
24019,0
37159,3
37009,3
20141,1
6055,3
36063,3
12039,3
55007,2
13137,3
40013,3
40065,3
5085,3
5015,3
48017,1
30029,0
50017,3
48339,0
48241,3
36091,3
8031,0
26029,3
48033,1
69100,0
27163,0
38053,2
13059,3
13223,3
13207,3
13069,3
13071,3
13161,2
13225,3
13149,2
13093,2
13231,1
28157,2
48153,2
45009,3
47059,3
47155,3
54047,3
13303,3
51079,3
51053,3
21187,2
6069,3
10005,3
34003,0
53053,3
31013,2
23031,3
21119,3
37057,3
29057,2
4017,0
2122,3
31075,0
13267,2
48353,3
41035,0
5069,3
45029,3
54071,2
29027,3
55009,3
48225,3
27139,0
22067,3
46103,3
20199,0
4003,0
37043,2
49033,1
48361,3
12075,3
12005,3
26041,3
22017,0
24021,0
60020,0
45053,3
37137,3
6113,3
13321,3
35059,2
35023,3
51660,3
51025,3
33001,3
32007,3
32023,3
31001,3
31185,3
31159,3
31129,1
1037,3
51135,3
53059,1
53023,1
35001,3
35029,3
35006,3
35019,3
31149,0
31033,2
31021,2
31087,1
31105,1
31139,2
31175,1
31125,1
21163,3
51590,3
20037,3
21213,3
23029,3
21141,3
21157,3
25001,3
31037,1
31137,2
31027,1
31119,3
31051,1
31019,3
31045,1
37097,3
37001,3
37169,3
32029,1
19019,0
19183,0
19153,0
19127,0
19049,0
19023,0
19041,0
18093,0
37197,3
37049,3
37073,3
37005,3
53003,3
25003,3
18037,0
18127,0
19057,0
19145,0
18109,0
18001,0
19055,0
19009,0
18133,0
18041,0
19137,0
20121,3
20087,3
18119,0
18177,0
18141,0
18017,0
19079,0
19191,0
19017,0
19171,0
19015,0
19087,0
18149,0
26157,3
26149,3
13063,0
13023,2
13235,2
72143,0
72019,0
28005,2
28131,3
28117,3
26101,3
2060,2
38007,0
13199,3
13197,1
72099,0
72139,0
28027,3
28101,2
28069,2
13101,1
32017,1
31171,1
13193,2
72053,0
16063,2
16071,1
31165,0
23019,3
51640,2
13211,3
13287,2
72057,0
4011,0
16067,3
51125,2
51111,3
51600,3
51620,3
8039,0
8095,0
8119,0
8007,0
37077,3
37191,3
4023,0
27005,0
27095,0
27115,0
27113,0
51775,3
51735,2
51530,3
2220,3
2180,3
2105,3
8115,0
8017,0
8079,0
37157,3
37045,3
27029,0
27039,0
27041,0
13253,2
13281,1
13243,2
34037,0
19181,0
19155,0
27079,0
27169,0
13125,1
12051,3
29181,3
35028,3
35027,3
35041,3
19103,0
19113,0
19061,0
27161,0
27049,0
29097,3
29510,3
35005,3
35057,3
1103,3
37003,3
19169,0
19027,0
19179,0
27025,0
27033,0
27051,0
29067,2
29091,3
29081,2
51049,2
13159,1
19059,0
19033,0
19123,0
38001,2
38009,2
29107,3
29167,3
13055,2
13111,2
26113,3
26051,3
18165,0
38029,1
29185,1
29173,2
29053,3
13257,2
13119,2
18181,0
18135,0
18101,0
21201,2
22049,3
29007,3
29177,2
29229,2
13297,3
13065,1
18115,0
18161,0
56027,0
48345,0
22007,3
38073,2
38091,1
29199,1
29065,2
29163,2
29075,1
13015,3
13081,3
48129,1
48173,0
48359,1
48505,2
38043,2
54087,3
28085,3
28003,3
28043,3
29051,3
29001,3
26117,3
13085,2
13227,2
13131,2
72059,0
72005,0
28129,2
28153,3
28159,3
28067,3
26127,3
26005,3
26155,3
13233,3
13011,1
13047,3
72063,0
72121,0
48497,3
48463,3
48479,3
48203,3
48095,0
47067,2
21143,2
20067,2
21191,2
20057,3
12085,3
8085,0
8061,0
48189,3
48069,1
48317,1
48275,2
47087,3
17145,2
17183,3
8089,0
42105,0
42069,0
48099,3
48305,2
40037,3
47103,3
17007,3
17081,3
17113,3
17191,1
42123,0
42117,0
42065,0
40063,3
40035,2
40119,3
47101,3
47133,3
17001,3
17133,3
42025,0
42009,0
40029,2
40073,2
40033,2
46105,1
47075,3
17121,3
17095,3
17159,2
44001,3
55123,3
40053,1
41027,0
47153,2
46003,1
20039,1
17083,2
39137,0
55115,3
55101,3
41009,0
41053,0
54101,3
56045,0
54035,3
39025,0
39157,0
55035,3
55019,3
55041,2
1061,3
17065,1
17127,2
46129,1
47007,3
20025,1
39139,0
39121,0
39021,0
55107,2
55067,3
30111,0
5047,3
5105,2
20065,1
20185,1
20083,1
20189,1
56007,0
39127,0
39029,0
30091,0
30017,0
30065,0
5051,3
5049,3
54069,3
13005,3
39151,0
39055,0
30079,0
30019,0
30107,0
5143,3
5129,2
47077,3
46115,1
46119,1
39169,0
39037,0
39103,0
49053,3
1081,3
5083,3
5023,3
46039,1
46013,3
47139,2
39059,0
39081,0
50023,3
36101,3
5079,3
16017,3
46011,3
46101,2
47111,3
39111,0
39067,0
39027,0
36001,3
36037,3
48255,3
48097,3
48347,3
20045,3
20027,3
20055,3
36049,2
36035,3
8041,0
36007,3
36041,1
48093,3
48165,3
48023,2
21233,3
20049,1
20107,3
12019,0
12087,3
8063,0
48485,3
48439,0
45037,3
45085,3
45089,3
21103,3
20075,1
20171,2
20117,3
20029,2
20053,2
8045,0
12021,0
48365,3
48221,3
48145,3
40137,3
40081,3
26151,3
26075,3
17131,2
17155,2
36095,3
36121,3
40091,3
8067,0
8121,0
12073,3
12086,3
26111,3
26139,3
26037,3
5125,3
5065,2
36097,2
36109,3
9015,3
12027,3
26059,3
26065,3
26161,3
5005,3
5071,3
36015,3
48337,3
48503,3
12115,3
8075,0
26027,3
26159,3
26023,3
5101,1
5097,2
5111,3
5087,3
48291,3
48367,3
48027,0
12061,3
8103,0
13155,1
26017,3
26165,3
5043,3
5059,3
5141,3
48325,3
48049,3
6049,2
36111,3
13043,2
5113,3
12043,3
26079,3
26143,3
42057,0
26085,3
5135,3
48375,3
48341,2
48483,1
18169,0
18065,0
18053,0
19031,0
12067,2
29139,2
48159,3
48101,1
48247,2
48417,1
48269,0
48021,3
55127,3
20035,3
20155,3
20205,3
20193,2
29159,3
29063,2
29211,1
72041,0
72069,0
55047,3
55131,3
17091,3
17101,2
17041,3
29155,3
29213,3
29109,3
18111,0
18171,0
55083,3
55093,3
39039,0
39117,0
39047,0
31133,1
29077,3
29121,2
29221,3
48009,1
72085,0
72025,0
55129,3
55125,3
55069,3
30075,0
31157,3
31085,0
21161,3
42075,0
29215,2
29147,2
29169,3
40045,2
40003,1
30101,0
30021,0
55065,2
48461,1
48237,2
48143,3
29061,2
29117,2
40069,2
40131,3
40005,3
30095,0
31029,1
1057,3
48429,2
48135,3
48131,2
48183,3
29165,0
29105,3
40085,2
40115,3
49027,2
1031,3
1075,3
48357,2
48089,3
48137,1
48285,3
29187,3
29093,2
29225,3
40015,3
40139,3
40059,2
1011,3
50005,3
48019,3
48299,3
40111,3
29227,1
29011,2
29005,1
40149,3
40093,2
40043,1
36123,2
36039,3
40049,3
40021,3
29125,3
26049,3
26057,3
41029,0
40011,2
17039,3
53051,0
53039,0
37011,2
37063,0
19157,0
19081,0
19039,0
18091,0
17093,3
17063,3
17117,3
53013,0
33003,3
32510,3
37135,3
42007,0
18049,0
18163,0
19189,0
19185,0
17199,3
17077,3
32005,3
32013,2
31145,2
42119,0
42121,0
18035,0
18121,0
17179,3
17067,2
31147,1
31067,3
31101,2
42107,0
42085,0
18143,0
18077,0
17103,3
17037,3
31153,3
31179,2
42019,0
42115,0
19167,0
18145,0
19151,0
17085,2
17075,3
17045,3
31111,3
31023,2
31035,1
42077,0
42037,0
18045,0
18131,0
19129,0
17195,3
17135,2
31043,2
31083,1
31057,1
55027,3
55025,3
20183,1
20015,3
17021,3
17029,3
31065,1
31031,1
24045,0
55079,3
55055,3
21009,3
20207,1
17009,1
17025,2
51071,2
21041,3
22087,3
55133,3
55017,3
20209,3
20167,3
20051,3
20163,2
39085,0
39019,0
51115,2
23009,3
20175,3
55135,3
55053,3
21215,2
20177,3
21169,2
39041,0
39107,0
39161,0
20099,3
21185,3
21145,3
51169,2
55095,3
55049,3
20153,1
20103,3
20003,2
39133,0
39031,0
21015,3
51013,3
55078,2
48253,3
48147,3
21211,3
20009,3
20005,3
39053,0
39009,0
39091,0
21117,3
21077,2
48397,3
48307,2
48227,3
20135,1
21087,2
21057,2
39063,0
39073,0
39159,0
21199,3
21113,3
19193,0
18011,0
20113,3
17011,3
39071,0
39033,0
39175,0
21021,3
21035,3
21001,3
18059,0
18063,0
18057,0
17157,3
17173,2
39065,0
6075,3
51510,3
25023,3
37081,3
18009,0
18075,0
18085,0
18103,0
19035,0
17015,2
17119,0
1125,0
53001,0
31127,2
31041,2
31161,1
13293,3
28017,3
28079,3
28111,3
28023,3
72129,0
72015,0
31061,1
27131,0
27055,0
13255,3
28025,3
28075,3
28057,3
72073,0
72111,0
15003,3
38051,2
38057,2
13099,2
13239,2
28073,3
28041,2
28133,3
28099,3
72089,0
27057,0
27045,0
38025,2
54091,3
19139,0
19161,0
19083,0
28071,3
28097,3
27019,0
27007,0
28019,3
28081,3
19133,0
21221,2
20079,3
16065,3
2063,3
2198,3
29079,2
27065,0
27105,0
27157,0
28127,3
28031,3
19003,0
19043,0
51760,3
50011,3
72009,0
72115,0
27067,0
38011,2
28037,2
28115,3
28119,3
19071,0
18005,0
18079,0
29101,3
29141,2
29085,1
38069,2
46059,0
56031,0
56043,0
28065,3
28139,3
28141,2
21061,2
20165,2
20011,3
20095,2
20077,2
29217,3
29145,3
51730,3
18137,0
18113,0
19135,0
28147,2
16021,2
16009,3
18097,0
19121,0
29045,2
29083,3
26123,3
20007,1
17147,2
39125,0
42003,0
72055,0
51710,3
51670,3
19037,0
18069,0
18099,0
18073,0
19143,0
26061,3
26067,3
55117,3
55137,3
51770,3
51570,3
2016,2
2158,1
31039,2
31077,1
31017,1
31135,1
26031,3
26095,2
55013,2
55119,3
30025,0
38033,1
46063,0
31113,1
48267,1
48079,1
31091,0
22023,1
20125,3
26131,2
26039,3
18087,0
18007,0
30103,0
13299,3
13171,3
23011,3
23001,3
21023,2
21197,3
56011,0
48219,3
48495,2
72077,0
35047,3
35009,3
8021,0
8009,0
8099,0
24510,0
25007,3
37151,3
72137,0
72061,0
1017,3
1029,2
1087,3
1115,3
53065,3
32001,2
8025,0
8047,0
8011,0
37181,3
37109,3
19069,0
72079,0
72049,0
31109,3
31097,1
31163,1
31123,1
35015,3
35003,1
51161,3
1021,3
51041,3
13251,2
19013,0
19109,0
28155,3
54055,3
54051,3
13309,1
20139,3
20179,1
17197,3
17099,3
72135,0
72003,0
35011,2
17069,0
28077,2
28113,3
54089,3
56017,0
17143,3
17141,3
72131,0
72087,0
48259,3
48031,2
48421,0
48149,3
54029,3
13109,2
17181,2
17105,3
17203,3
72149,0
72065,0
45011,3
42113,0
47113,3
13259,2
50015,3
17057,3
17049,3
72093,0
72001,0
47177,3
47015,3
51183,3
51650,3
17033,2
39099,0
72029,0
69120,0
47039,1
46067,2
51740,3
51840,3
51197,3
51685,3
12035,3
42011,0
42059,0
13037,1
15005,0
46135,3
46015,2
46087,2
51550,3
51540,3
51830,3
39153,0
39165,0
27003,0
27159,0
27017,0
46081,3
46125,2
46089,1
51720,2
51750,3
13285,3
39149,0
39115,0
39051,0
27111,0
27035,0
27043,0
47047,3
46109,2
13087,3
13057,3
55045,3
55071,3
27083,0
27087,0
27085,0
27091,0
46069,1
47131,3
46061,1
13147,2
19051,0
19125,0
18033,0
39145,0
39129,0
27135,0
27081,0
27121,0
46021,1
47109,2
46017,1
18043,0
19187,0
19173,0
39131,0
12081,3
27151,0
4019,0
38021,2
47171,2
20073,2
20047,1
19095,0
19091,0
18159,0
18039,0
55097,3
55081,3
38023,2
38013,1
48169,2
48065,1
20063,1
20017,1
47023,2
18021,0
18105,0
19011,0
39015,0
39057,0
38049,2
22121,3
47027,3
56037,0
19005,0
18107,0
18047,0
72081,0
72021,0
60040,0
22003,3
22061,3
56023,0
56001,0
20041,3
20021,3
20133,3
72151,0
22095,3
38093,2
38063,2
56019,0
20061,3
20159,2
20191,3
20093,1
72013,0
72105,0
38047,1
38083,1
38089,2
54009,3
54061,3
29153,1
29161,3
29179,2
53005,3
13045,3
13145,3
72043,0
36021,3
46099,3
46077,1
46097,1
20127,2
30109,0
21091,3
37187,3
19097,0
1083,3
33011,3
56015,0
13167,1
37025,3
19021,0
18151,0
19085,0
19007,0
18055,0
33005,3
31169,2
16011,3
51580,2
28105,3
18095,0
18031,0
20181,2
20031,3
21045,3
17115,3
17051,3
31025,3
31095,2
28015,2
16051,3
17139,2
17193,2
39113,0
39045,0
31099,3
31053,3
13003,1
35061,3
31069,1
39143,0
39147,0
39003,0
39109,0
31131,2
31059,2
31047,3
31003,1
21083,3
39023,0
39083,0
48437,2
41013,0
42087,0
55039,3
48385,1
42015,0
22027,3
21219,3
48493,3
46111,1
13165,2
48013,3
55089,3
30011,0
1133,3
20173,0
21171,2
37145,3
37071,0
16069,3
48125,1
55077,3
40009,3
27101,0
38041,2
46045,1
36099,3
48177,3
31049,1
42047,0
48231,3
36079,3
48151,1
36093,3
51790,3
31079,3
19093,0
39077,0
5031,3
48191,1
48445,3
47069,3
42021,0
55033,3
8101,0
8003,0
29055,3
49039,3
1045,3
46025,1
5035,3
56041,0
29151,3
26105,3
26133,3
26093,3
26091,3
36089,3
36073,3
13173,2
29115,2
29133,3
26135,2
26087,3
26035,3
26043,3
18153,0
36003,3
48121,3
48441,3
29043,3
29186,2
26009,3
26019,3
18013,0
72027,0
72017,0
12111,3
12091,3
8081,0
26081,3
48003,3
72101,0
48211,1
72045,0
72125,0
36061,3
72035,0
27059,0
8073,0
8014,0
27093,0
27117,0
38101,2
28061,3
72091,0
72075,0
27143,0
38027,2
48171,3
29017,2
29219,3
29175,3
28123,3
51021,1
2290,2
31005,0
72103,0
72007,0
40103,2
40123,3
72054,0
2130,3
29111,2
17169,2
45033,3
45001,3
40129,1
13247,3
17013,0
39173,0
46051,2
46005,2
46027,3
41011,0
41025,0
13187,3
51520,3
39089,0
39017,0
47137,1
46102,2
46049,0
17071,1
5037,3
5127,2
19105,0
19165,0
18067,0
18139,0
19141,0
39001,0
6031,3
46065,3
46033,2
27099,0
27153,0
27063,0
20201,1
20131,2
39097,0
1013,3
1111,3
50007,3
47169,3
46047,2
47083,1
38087,0
38081,2
12059,3
48117,3
48295,1
48279,3
36057,3
48309,3
20157,2
19177,0
47061,3
48297,3
22089,3
38003,2
17137,3
17073,3
17035,2
48251,3
48451,3
48363,3
48329,3
56005,0
54015,2
54079,3
38079,2
38039,1
38065,1
48045,1
6029,3
48271,1
48293,3
48123,3
40041,3
13083,1
13053,1
21039,2
48077,3
31007,0
49021,3
40071,3
40107,2
13061,2
29209,3
47125,3
46029,3
39155,0
39141,0
40083,3
40051,3
29071,3
46053,1
47071,2
13035,3
35037,3
42093,0
41071,0
29047,0
42001,0
46035,3
46121,1
46037,2
20137,2
54025,3
1067,3
51045,2
21059,3
41069,0
41037,0
42131,0
55015,3
55139,3
54097,3
60010,0
33013,3
31173,2
42053,0
1019,3
55109,3
55005,3
54105,3
13169,2
20197,2
17061,1
5033,3
5115,3
55103,3
55141,3
48415,3
13273,3
13017,3
17059,1
17053,2
5089,2
5027,3
40061,2
16001,3
51820,3
28009,2
16013,3
17149,2
48047,2
48087,1
48383,1
45023,3
42023,0
40121,3
40147,3
17023,2
39013,0
39135,0
29149,3
29059,2
16055,3
35035,3
32021,1
12011,3
42039,0
29021,3
25019,2
19101,0
21149,2
17175,1
48413,1
55087,3
30067,0
72067,0
26011,2
17151,1
50013,3
1105,3
46043,1
31011,1
29009,3
31081,2
72145,0
72119,0
47017,3
20089,1
16007,1
29119,3
8125,0
21223,2
27001,0
27149,0
21129,2
8087,0
48243,0
29039,2
55113,2
13261,3
53047,0
51131,2
19197,0
36059,3
12089,3
48377,1
5133,2
12121,3
22065,3
51113,2
2090,3
8033,0
1113,3
13027,3
26007,3
46019,2
5009,3
29035,2
35053,3
20085,3
54017,2
31073,1
40025,1
12133,3
1053,3
42099,0
46031,1
20033,1
56025,0
20115,2
56021,0
28035,3
26015,3
13275,3
19065,0
18157,0
32027,1
20097,1
13249,1
32009,0
21081,3
17087,2
39011,0
22093,3
29223,2
72071,0
8105,0
42073,0
30041,0
31181,1
20111,3
37189,3
1091,3
48433,1
40047,3
40153,3
40039,3
49041,3
1123,3
19099,0
13117,0
53069,1
5055,3
48381,3
28091,3
28063,3
31141,3
31063,1
21053,3
55031,3
55091,2
16053,3
50001,3
21207,3
19047,0
19119,0
1093,3
36087,3
26025,3
48335,2
27123,0
19067,0
18003,0
18167,0
9005,3
27047,0
38103,1
28145,3
21173,3
17055,3
9013,3
16057,3
29127,3
49009,1
55073,3
40019,3
40001,2
40007,1
5053,3
48111,2
17005,3
39087,0
39171,0
36083,3
40031,3
5123,3
48249,3
55105,3
47099,3
46091,1
39163,0
51043,2
5137,3
48193,2
46107,1
36023,3
72011,0
47095,3
20187,0
56009,0
33019,3
31151,3
31121,2
20109,1
51680,3
29049,2
27009,0
38075,1
26137,3
16019,3
29137,2
31143,2
21075,3
29135,3
29073,3
18015,0
72117,0
48265,3
48507,2
40105,2
26121,3
26001,2
18155,0
21225,3
51810,3
48197,2
72133,0
16075,3
28135,3
72083,0
72123,0
42083,0
55063,3
48447,0
27109,0
50019,3
51065,2
27155,0
28107,3
29025,1
51690,3
72109,0
40099,3
40057,2
48109,1
51683,3
34005,0
35025,3
5077,3
20195,1
29015,2
27141,0
38035,2
38015,2
48281,3
1015,3
51700,3
48209,3
38061,2
48431,0
46007,1
47161,1
54077,3
51173,3
13097,3
16045,3
19089,0
20147,1
28125,3
29089,2
51610,3
51800,3
13115,3
13129,3
13095,3
19077,0
48217,3
12003,3
2230,3
2068,1
31009,0
13295,3
39005,0
18081,0
19159,0
21227,3
29131,3
26145,3
26045,3
16047,2
42109,0
21105,2
17019,0
17187,3
26069,3
72153,0
35049,3
13175,3
55021,3
30097,0
17107,3
39101,0
39119,0
55085,3
50003,3
36033,3
48043,3
13307,1
37033,3
19073,0
19053,0
1127,3
1007,3
31177,2
21019,3
40109,3
40097,3
19175,0
19115,0
19001,0
20013,3
31107,2
21137,3
37195,3
42081,0
41059,0
41049,0
21073,3
17201,3
17123,2
37185,3
72051,0
