GEOID,xsite,renter.hh,num_filings,num_filings_hist_avg,filing_rate,filing_rate_hist_avg,quartile_current,quartile_historical
12057000101,TAMPA,1154,43,67.5,4.108918408059187,5.849220103986135,3,4
12057000102,TAMPA,1731,56,102.5,3.567433036454488,5.921432697862508,3,4
12057000201,TAMPA,1261,103,96.5,9.007141984374364,7.652656621728787,4,4
12057000202,TAMPA,1279,62,137,5.345471466803985,10.711493354182956,4,4
12057000300,TAMPA,1794,96,139.75,5.900837636027443,7.7898550724637685,4,4
12057000401,TAMPA,373,11,33.75,3.2519864250828188,9.048257372654156,3,4
12057000402,TAMPA,582,16,22.5,3.031529988268394,3.865979381443299,3,3
12057000500,TAMPA,284,6,12.75,2.329688098378792,4.48943661971831,2,3
12057000601,TAMPA,1411,158,113,12.34795232110243,8.008504606661942,4,4
12057000602,TAMPA,566,12,23.75,2.3379202118006255,4.196113074204947,2,3
12057000700,TAMPA,1431,95,198.75,7.320636488965738,13.88888888888889,4,4
12057000800,TAMPA,627,37,58,6.507273401851236,9.250398724082935,4,4
12057000901,TAMPA,680,52,60.5,8.432557312955394,8.897058823529411,4,4
12057000902,TAMPA,1881,176,159.25,10.317838907439798,8.466241360978204,4,4
12057001001,TAMPA,1153,35,79.25,3.3473691381736335,6.873373807458803,3,4
12057001002,TAMPA,874,40,58.5,5.046769030812945,6.693363844393593,3,4
12057001100,TAMPA,323,13,15.5,4.438188059450208,4.798761609907121,3,3
12057001200,TAMPA,601,23,32.5,4.220056200391091,5.40765391014975,3,3
12057001300,TAMPA,1260,19,24.5,1.6628302882079318,1.9444444444444444,1,1
12057001400,TAMPA,650,26,28,4.410876132930514,4.3076923076923075,3,3
12057001500,TAMPA,165,3,6.75,2.0049436967865972,4.090909090909091,2,3
12057001600,TAMPA,371,7,10.75,2.0806019494955255,2.8975741239892185,2,2
12057001700,TAMPA,523,14,28.25,2.9518291520567495,5.401529636711281,2,3
12057001800,TAMPA,987,57,89.75,6.368286210158036,9.093211752786221,4,4
12057001900,TAMPA,522,26,42.75,5.492470280469031,8.189655172413794,4,4
12057002000,TAMPA,499,18,41.75,3.977744007652768,8.366733466933868,3,4
12057002100,TAMPA,317,10,22.25,3.478608937642361,7.018927444794953,3,4
12057002200,TAMPA,273,7,11.75,2.8274847005964836,4.304029304029304,2,3
12057002300,TAMPA,670,9,16.5,1.4812643729990533,2.462686567164179,1,2
12057002400,TAMPA,988,39,33,4.352838289076165,3.340080971659919,3,2
12057002500,TAMPA,2135,58,94.75,2.995676998945782,4.437939110070258,3,3
12057002600,TAMPA,460,27,33.25,6.472481282017602,7.228260869565218,4,4
12057002700,TAMPA,1099,41,41.25,4.11387446428915,3.7534121929026387,3,3
12057002800,TAMPA,294,2,7.75,0.7501490021990669,2.6360544217687076,1,2
12057002900,TAMPA,315,13,16.75,4.55090394667434,5.317460317460317,3,3
12057003000,TAMPA,727,32,54.5,4.8537839151917614,7.49656121045392,3,4
12057003100,TAMPA,542,26,39.25,5.289796100377922,7.24169741697417,4,4
12057003200,TAMPA,614,30,35.75,5.387878012537273,5.822475570032573,4,4
12057003300,TAMPA,655,23,41.75,3.8721431701298403,6.374045801526718,3,4
12057003400,TAMPA,703,31,47.5,4.862630160769769,6.756756756756757,3,4
12057003500,TAMPA,506,37,49,8.063360519685228,9.683794466403162,4,4
12057003600,TAMPA,928,58,76.75,6.891993957703928,8.270474137931034,4,4
12057003700,TAMPA,191,10,29.5,5.773398079751981,15.44502617801047,4,4
12057003800,TAMPA,235,11,18,5.161663559812303,7.659574468085107,3,4
12057003900,TAMPA,976,4,32.75,0.45193403001337235,3.355532786885246,1,2
12057004000,TAMPA,398,8,9,2.2165206698143285,2.2613065326633164,2,1
12057004100,TAMPA,638,15,20.25,2.5925996079137033,3.1739811912225706,2,2
12057004200,TAMPA,221,6,12.25,2.993807330043335,5.542986425339366,3,3
12057004300,TAMPA,732,8,13.75,1.2051574133689928,1.8784153005464481,1,1
12057004400,TAMPA,470,20,30.75,4.692421418011185,6.542553191489362,3,4
12057004500,TAMPA,525,19,22,3.990792691699036,4.190476190476191,3,3
12057004600,TAMPA,1999,51,50.5,2.8133402048456255,2.526263131565783,2,2
12057004700,TAMPA,705,14,13.75,2.1897966617385527,1.950354609929078,2,1
12057004800,TAMPA,728,14,22.25,2.1206135254473626,3.056318681318681,2,2
12057004900,TAMPA,1637,17,33.25,1.14515721227579,2.0311545510079414,1,1
12057005000,TAMPA,1281,20,35,1.7216534476699896,2.73224043715847,2,2
12057005101,TAMPA,876,45,27.5,5.66465256797583,3.1392694063926943,4,2
12057005102,TAMPA,819,23,28.25,3.096768957796148,3.4493284493284495,3,2
12057005301,TAMPA,1606,31,50.25,2.1285361164515244,3.1288916562889164,2,2
12057005302,TAMPA,457,22,23.5,5.3084942518857385,5.142231947483588,4,3
12057005401,TAMPA,832,7,7.25,0.927768417383221,0.8713942307692307,1,1
12057005500,TAMPA,878,4,7,0.502377691677735,0.7972665148063781,1,1
12057005700,TAMPA,1376,14,12.5,1.1219525047424999,0.9084302325581395,1,1
12057005800,TAMPA,517,17,13.75,3.6259620048268246,2.6595744680851063,3,2
12057005900,TAMPA,460,2,5,0.47944305792722974,1.0869565217391304,1,1
12057006000,TAMPA,709,11,12.75,1.7108475832946282,1.7983074753173485,2,1
12057006101,TAMPA,584,2,3,0.377643504531722,0.5136986301369864,1,1
12057006103,TAMPA,910,7,6.25,0.848245410178945,0.6868131868131868,1,1
12057006200,TAMPA,301,1,2.75,0.3663518382832653,0.9136212624584718,1,1
12057006300,TAMPA,163,1,3.25,0.676514744314496,1.9938650306748467,1,1
12057006400,TAMPA,126,2,2.5,1.7503476717978228,1.9841269841269842,2,1
12057006501,TAMPA,880,13,15,1.6290167536391102,1.7045454545454546,1,1
12057006502,TAMPA,934,15,3,1.7709620448061483,0.32119914346895073,2,1
12057006600,TAMPA,1126,13,12,1.2731214415652017,1.0657193605683837,1,1
12057006700,TAMPA,570,4,8.75,0.7738379180579849,1.5350877192982457,1,1
12057006801,TAMPA,1017,45,52.75,4.879287757666497,5.186823992133727,3,3
12057006802,TAMPA,501,12,5.5,2.6412431933715648,1.0978043912175648,2,1
12057006900,TAMPA,763,22,33.5,3.179530633174027,4.3905635648754915,3,3
12057007001,TAMPA,563,32,27,6.26767478924407,4.7957371225577266,4,3
12057007002,TAMPA,985,50,32.5,5.597558544328063,3.299492385786802,4,2
12057007102,TAMPA,1150,20,16.5,1.917772231708919,1.434782608695652,2,1
12057007103,TAMPA,547,18,16.25,3.628691517036072,2.9707495429616086,3,2
12057007200,TAMPA,1014,27,28,2.9362341121578863,2.7613412228796843,2,2
12057007300,TAMPA,563,0,0,0,0,1,1
12057010103,TAMPA,264,7,11.25,2.923876224480454,4.261363636363637,2,3
12057010105,TAMPA,358,8,11.5,2.4641766105757057,3.212290502793296,2,2
12057010106,TAMPA,399,8,8.75,2.210965480165671,2.192982456140351,2,1
12057010107,TAMPA,276,8,16.5,3.196287052848198,5.978260869565218,3,4
12057010108,TAMPA,137,6,6,4.829426422916621,4.37956204379562,3,3
12057010203,TAMPA,377,34,36,9.944946188304872,9.549071618037136,4,4
12057010204,TAMPA,775,82,104,11.667478803235552,13.419354838709678,4,4
12057010205,TAMPA,890,20,33,2.4780202993991653,3.707865168539326,2,3
12057010209,TAMPA,1478,14,36.5,1.0445241180823273,2.469553450608931,1,2
12057010210,TAMPA,957,20,27.5,2.3045329848121807,2.8735632183908044,2,2
12057010211,TAMPA,731,17,24.25,2.564462867982857,3.317373461012312,2,2
12057010212,TAMPA,365,5,9,1.510574018126888,2.4657534246575343,1,2
12057010213,TAMPA,216,9,21.25,4.594662638469285,9.837962962962964,3,4
12057010214,TAMPA,8,1,1.75,13.783987915407856,21.875,4,4
12057010303,TAMPA,427,55,61.5,14.203640943277415,14.402810304449648,4,4
12057010304,TAMPA,298,14,12.5,5.180559216529127,4.194630872483222,3,3
12057010305,TAMPA,419,24,35,6.3162904051510935,8.353221957040573,4,4
12057010401,TAMPA,1457,148,75.75,11.201264030091215,5.199039121482499,4,3
12057010402,TAMPA,1642,126,122.75,8.461790388995809,7.47563946406821,4,4
12057010501,TAMPA,1455,183,124.25,13.869249696327904,8.539518900343642,4,4
12057010502,TAMPA,525,12,36.75,2.520500647388865,7,2,4
12057010600,TAMPA,350,61,60,19.218817436340093,17.142857142857142,4,4
12057010701,TAMPA,793,61,40.5,8.48245410178945,5.10718789407314,4,3
12057010702,TAMPA,336,15,18.25,4.922852826931377,5.431547619047619,3,3
12057010805,TAMPA,1885,147,171.5,8.599453468710683,9.09814323607427,4,4
12057010808,TAMPA,988,134,90.75,14.955905916312977,9.185222672064777,4,4
12057010809,TAMPA,832,54,30,7.157070648384847,3.605769230769231,4,3
12057010810,TAMPA,1382,36,46.5,2.872495310880942,3.364688856729378,2,2
12057010811,TAMPA,1977,76,103.5,4.239081766599886,5.235204855842185,3,3
12057010812,TAMPA,2401,121,115.75,5.557226281597169,4.820907955018742,4,3
12057010813,TAMPA,2050,120,99.25,6.454940682337337,4.841463414634147,4,3
12057010814,TAMPA,794,49,55.5,6.805193026246699,6.98992443324937,4,4
12057010815,TAMPA,817,60,75.5,8.098303793630075,9.241126070991433,4,4
12057010816,TAMPA,1529,149,141.75,10.745921252561258,9.270765206017005,4,4
12057010817,TAMPA,1145,92,117.75,8.860275201519809,10.283842794759826,4,4
12057010818,TAMPA,1913,170,185,9.79938503134066,9.670674333507579,4,4
12057010900,TAMPA,11,5,48,50.12359241966493,436.3636363636364,4,4
12057011003,TAMPA,1611,58,98,3.9700623170386375,6.083178150217257,3,4
12057011005,TAMPA,133,2,4.75,1.6582241101242532,3.5714285714285716,1,2
12057011006,TAMPA,159,7,11.5,4.8547378821562255,7.232704402515723,3,4
12057011007,TAMPA,221,2,3.75,0.9979357766811117,1.6968325791855203,1,1
12057011008,TAMPA,1782,47,30.5,2.9084059799064836,1.7115600448933783,2,1
12057011010,TAMPA,1321,33,31,2.7547106810504722,2.3467070401211205,2,2
12057011012,TAMPA,585,5,9.5,0.9424949001988276,1.623931623931624,1,1
12057011013,TAMPA,894,27,19.5,3.330359496340153,2.1812080536912752,3,1
12057011014,TAMPA,559,18,19.5,3.5507947402839557,3.488372093023256,3,2
12057011015,TAMPA,2057,96,64.75,5.146379542553833,3.1477880408361694,3,2
12057011016,TAMPA,708,15,22,2.3362691382047216,3.1073446327683616,2,2
12057011103,TAMPA,150,17,16.75,12.497482376636457,11.166666666666666,4,4
12057011106,TAMPA,676,9,15.5,1.4681170560789432,2.2928994082840237,1,2
12057011107,TAMPA,754,17,19.75,2.486236547076218,2.6193633952254642,2,2
12057011108,TAMPA,56,5,3.25,9.845705653862755,5.803571428571429,4,4
12057011109,TAMPA,209,18,4.75,9.497101721620723,2.272727272727273,4,2
12057011203,TAMPA,438,5,15.5,1.2588116817724069,3.538812785388128,1,2
12057011204,TAMPA,614,82,107.25,14.72686656760188,17.46742671009772,4,4
12057011205,TAMPA,188,8,4.25,4.692421418011185,2.2606382978723403,3,1
12057011206,TAMPA,665,43,46.5,7.13036367353429,6.992481203007519,4,4
12057011301,TAMPA,283,8,5.5,3.117226949067501,1.9434628975265018,3,1
12057011303,TAMPA,602,17,13,3.1139906254077547,2.159468438538206,3,1
12057011304,TAMPA,489,39,22,8.794691676088448,4.4989775051124745,4,3
12057011407,TAMPA,341,7,7.25,2.2636461092751903,2.126099706744868,2,1
12057011408,TAMPA,432,11,16.75,2.807849390175674,3.877314814814815,2,3
12057011409,TAMPA,288,2,7,0.7657771064115475,2.4305555555555554,1,2
12057011410,TAMPA,452,20,13.25,4.879287757666497,2.9314159292035398,3,2
12057011411,TAMPA,104,3,2.5,3.1809202881710434,2.4038461538461537,3,2
12057011412,TAMPA,704,16,18,2.5061796209832465,2.5568181818181817,2,2
12057011413,TAMPA,564,7,15.25,1.3686229135865955,2.7039007092198584,1,2
12057011414,TAMPA,1284,48,44.75,4.122314142925713,3.485202492211838,3,2
12057011415,TAMPA,604,6,17,1.0954162581781077,2.814569536423841,1,2
12057011416,TAMPA,1003,20,23.25,2.198841541839738,2.318045862412762,2,2
12057011417,TAMPA,868,20,24.5,2.5408272655129687,2.8225806451612905,2,2
12057011418,TAMPA,549,6,16,1.2051574133689928,2.914389799635701,1,2
12057011504,TAMPA,90,1,2,1.2252433702584762,2.2222222222222223,1,1
12057011506,TAMPA,1237,35,34.5,3.1200619371982214,2.7890056588520613,3,2
12057011507,TAMPA,1576,23,11.25,1.6092980814943183,0.7138324873096447,1,1
12057011509,TAMPA,114,4,5.75,3.869189590289924,5.043859649122807,3,3
12057011510,TAMPA,139,1,4.75,0.7933230454910996,3.41726618705036,1,2
12057011512,TAMPA,142,0,1.75,0,1.232394366197183,1,1
12057011514,TAMPA,212,5,7.75,2.600752436869407,3.6556603773584904,2,3
12057011515,TAMPA,177,6,4.5,3.738030621127554,2.542372881355932,3,2
12057011516,TAMPA,443,15,13,3.7338116249411795,2.9345372460496613,3,2
12057011517,TAMPA,149,7,5.75,5.180559216529127,3.859060402684564,3,3
12057011518,TAMPA,86,0,2.5,0,2.9069767441860463,1,2
12057011519,TAMPA,123,0,1.25,0,1.016260162601626,1,1
12057011520,TAMPA,876,13,10.75,1.636455186304129,1.2271689497716896,1,1
12057011521,TAMPA,1793,11,13,0.676514744314496,0.7250418293363079,1,1
12057011522,TAMPA,331,4,3.25,1.3325909767161672,0.9818731117824774,1,1
12057011523,TAMPA,42,0,2,0,4.761904761904762,1,3
12057011524,TAMPA,1733,29,37,1.845288630337347,2.1350259665320253,2,1
12057011603,TAMPA,366,3,11.25,0.9038680600267447,3.0737704918032787,1,2
12057011605,TAMPA,835,57,40.5,7.527543101108961,4.850299401197605,4,3
12057011606,TAMPA,1336,46,47.5,3.796787090471625,3.555389221556886,3,2
12057011607,TAMPA,556,26,32,5.156599795692148,5.755395683453237,3,4
12057011608,TAMPA,128,2,3.75,1.722998489425982,2.9296875,2,2
12057011610,TAMPA,933,21,23.25,2.482004254864437,2.491961414790997,2,2
12057011611,TAMPA,414,4,12.75,1.0654290176160661,3.079710144927536,1,2
12057011612,TAMPA,673,32,25.5,5.243240574063018,3.789004457652303,3,3
12057011613,TAMPA,967,63,66.5,7.184208799757559,6.87693898655636,4,4
12057011614,TAMPA,821,22,29.25,2.9549109294906,3.5627283800243603,2,2
12057011615,TAMPA,884,46,62,5.738130715916393,7.013574660633484,4,4
12057011706,TAMPA,2338,86,89.5,4.0561949041063325,3.8280581693755344,3,3
12057011708,TAMPA,1505,83,102.75,6.081440515502203,6.827242524916944,4,4
12057011709,TAMPA,398,7,16.75,1.9394555860875375,4.208542713567839,2,3
12057011710,TAMPA,1759,67,73.25,4.200237363649011,4.164297896532121,3,3
12057011712,TAMPA,916,57,45.75,6.8618979142205045,4.994541484716157,4,3
12057011802,TAMPA,812,10,13.5,1.358028366050035,1.6625615763546797,1,1
12057011803,TAMPA,1845,92,62.75,5.498653173842916,3.4010840108401084,4,2
12057011804,TAMPA,680,9,27.25,1.4594810733961259,4.007352941176471,1,3
12057011901,TAMPA,2015,107,120.25,5.855629605751426,5.967741935483871,4,4
12057011902,TAMPA,1384,31,31.5,2.469963152471928,2.2760115606936417,2,2
12057011904,TAMPA,795,48,50,6.657926238385682,6.289308176100629,4,4
12057011905,TAMPA,317,28,19.25,9.740105025398611,6.072555205047319,4,4
12057011906,TAMPA,1068,51,59,5.265793136223226,5.52434456928839,3,3
12057012001,TAMPA,317,19,24.75,6.609356981520486,7.807570977917981,4,4
12057012002,TAMPA,654,55,62.75,9.273631013424245,9.594801223241591,4,4
12057012103,TAMPA,1897,94,119.75,5.464184982807963,6.312598840274117,4,4
12057012104,TAMPA,1429,90,127.5,6.9450463954469255,8.922323303009097,4,4
12057012106,TAMPA,246,15,10.5,6.723896544101393,4.2682926829268295,4,3
12057012107,TAMPA,756,46,43.75,6.7096660752249875,5.787037037037037,4,4
12057012108,TAMPA,245,21,25,9.451877427708244,10.204081632653061,4,4
12057012206,TAMPA,361,13,15.5,3.9710103689817644,4.293628808864266,3,3
12057012207,TAMPA,438,13,17.75,3.272910372608258,4.052511415525114,3,3
12057012208,TAMPA,113,12,13,11.710290618399595,11.504424778761061,4,4
12057012209,TAMPA,349,10,24.5,3.159653390351371,7.020057306590258,3,4
12057012210,TAMPA,686,25,22,4.018655368923573,3.206997084548105,3,2
12057012211,TAMPA,7,1,3.25,15.753129046180407,46.42857142857143,4,4
12057012212,TAMPA,1379,93,79.25,7.436756351750141,5.746918056562727,4,3
12057012213,TAMPA,596,4,21.25,0.7400798880755896,3.565436241610738,1,2
12057012301,TAMPA,861,24,30.75,3.0737812773034943,3.5714285714285716,3,2
12057012303,TAMPA,482,31,26.75,7.092176354815661,5.549792531120332,4,3
12057012304,TAMPA,666,12,17.25,1.986881140959691,2.59009009009009,2,2
12057012401,TAMPA,512,14,20.5,3.0152473564954683,4.00390625,3,3
12057012402,TAMPA,270,5,6.5,2.0420722837641265,2.4074074074074074,2,2
12057012403,TAMPA,564,18,20,3.5193160635083887,3.5460992907801416,3,2
12057012501,TAMPA,350,15,15.5,4.725938713854122,4.428571428571429,3,3
12057012503,TAMPA,606,14,22.75,2.547535720339406,3.754125412541254,2,3
12057012504,TAMPA,139,4,5.5,3.173292181964398,3.9568345323741005,3,3
12057012600,TAMPA,794,22,33.25,3.0553927872944366,4.187657430730479,3,3
12057012701,TAMPA,1235,25,40,2.2322247636288024,3.2388663967611335,2,2
12057012702,TAMPA,831,14,24.5,1.8577697310778338,2.948255114320096,2,2
12057012800,TAMPA,308,6,14,2.1481539608427824,4.545454545454546,2,3
12057012900,TAMPA,507,18,18,3.9149788162105152,3.5502958579881656,3,2
12057013001,TAMPA,640,23,52.75,3.9628965256797586,8.2421875,3,4
12057013002,TAMPA,471,12,20.25,2.8094752439047856,4.2993630573248405,2,3
12057013003,TAMPA,398,12,21.75,3.3247810047214927,5.464824120603015,3,3
12057013004,TAMPA,231,8,9.25,3.8189403748316137,4.004329004329004,3,3
12057013100,TAMPA,272,5,8,2.0270570463835083,2.9411764705882355,2,2
12057013203,TAMPA,117,3,9,2.8274847005964836,7.6923076923076925,2,4
12057013204,TAMPA,188,16,25,9.38484283602237,13.297872340425531,4,4
12057013205,TAMPA,577,13,18,2.48446229324509,3.119584055459272,2,2
12057013206,TAMPA,210,8,9.75,4.200834412314775,4.642857142857143,3,3
12057013207,TAMPA,204,8,8.25,4.324388365618151,4.044117647058823,3,3
12057013208,TAMPA,141,8,6.25,6.25656189068158,4.432624113475177,4,3
12057013305,TAMPA,131,4,4.25,3.367081017504209,3.2442748091603053,3,2
12057013307,TAMPA,1256,67,59.5,5.882338791925645,4.737261146496815,4,3
12057013310,TAMPA,460,8,16,1.917772231708919,3.4782608695652173,2,2
12057013311,TAMPA,804,26,31,3.5660068238866094,3.855721393034826,3,3
12057013312,TAMPA,467,12,13.5,2.8335392716898373,2.890792291220557,2,2
12057013313,TAMPA,373,5,6.5,1.4781756477649175,1.742627345844504,1,1
12057013314,TAMPA,211,7,9.75,3.658309588923412,4.62085308056872,3,3
12057013315,TAMPA,2392,86,89,3.9646252867059384,3.720735785953177,3,3
12057013316,TAMPA,1191,86,57.5,7.962538779009743,4.827875734676742,4,3
12057013317,TAMPA,1186,23,53.5,2.138493909304423,4.5109612141652615,2,3
12057013318,TAMPA,1399,57,77.75,4.492850957416714,5.557541100786276,3,3
12057013319,TAMPA,1604,36,62.5,2.474930498527096,3.896508728179551,2,3
12057013320,TAMPA,1140,50,50.25,4.836486987862406,4.407894736842105,3,3
12057013321,TAMPA,1290,13,31.25,1.1112672427925714,2.4224806201550386,1,2
12057013322,TAMPA,1534,47,76,3.378604599865289,4.954367666232073,3,3
12057013406,TAMPA,229,4,5.5,1.926146782939089,2.4017467248908297,2,2
12057013407,TAMPA,328,7,16.25,2.3533637904354876,4.954268292682927,2,3
12057013409,TAMPA,329,11,8.75,3.686902542723074,2.6595744680851063,3,2
12057013410,TAMPA,898,57,47.5,6.999441524973254,5.289532293986637,4,3
12057013411,TAMPA,249,9,7.75,3.985731445419139,3.112449799196787,3,2
12057013412,TAMPA,427,23,15.25,5.939704394461464,3.5714285714285716,4,2
12057013413,TAMPA,93,11,6.5,13.042913296299906,6.989247311827957,4,4
12057013414,TAMPA,373,8,20.25,2.365081036423868,5.428954423592494,2,3
12057013415,TAMPA,198,7,8.75,3.8985016326406057,4.41919191919192,3,3
12057013501,TAMPA,672,37,48,6.071518486548698,7.142857142857143,4,4
12057013503,TAMPA,603,38,26.5,6.94914150295852,4.39469320066335,4,3
12057013504,TAMPA,310,17,24.25,6.047168891920865,7.82258064516129,4,4
12057013505,TAMPA,495,14,33,3.1188013061124846,6.666666666666667,3,4
12057013602,TAMPA,118,10,13.5,9.345076552818886,11.440677966101696,4,4
12057013604,TAMPA,277,7,19.5,2.7866545966167506,7.03971119133574,2,4
12057013702,TAMPA,1248,58,58.5,5.124816019831126,4.6875,3,3
12057013703,TAMPA,1132,28,58.75,2.727573580434063,5.189929328621908,2,3
12057013704,TAMPA,2167,22,64,1.1195117088656126,2.9533917858790955,1,2
12057013801,TAMPA,390,46,62.5,13.006429622743823,16.025641025641026,4,4
12057013802,TAMPA,758,30,37.25,4.364323350524915,4.91424802110818,3,3
12057013803,TAMPA,227,27,33.75,13.116041364440955,14.86784140969163,4,4
12057013804,TAMPA,787,41,66,5.744787847844697,8.386277001270647,4,4
12057013806,TAMPA,79,14,5.5,19.541856285135186,6.962025316455696,4,4
12057013807,TAMPA,605,29,22,5.285760655164665,3.6363636363636362,4,3
12057013903,TAMPA,214,5,5.25,2.5764463393285713,2.453271028037383,2,2
12057013907,TAMPA,57,6,1.75,11.607568770869774,3.0701754385964914,4,2
12057013908,TAMPA,635,21,28.25,3.6467873539976687,4.448818897637795,3,3
12057013912,TAMPA,156,9,10.5,6.361840576342087,6.730769230769231,4,4
12057013913,TAMPA,766,9,11.75,1.295622884999172,1.5339425587467364,1,1
12057013914,TAMPA,340,6,3.75,1.9459747645281678,1.1029411764705883,2,1
12057013915,TAMPA,560,17,15,3.347539922313336,2.6785714285714284,3,2
12057013916,TAMPA,1087,27,27.75,2.739044516769178,2.552897884084637,2,2
12057013917,TAMPA,522,26,24.5,5.492470280469031,4.693486590038314,4,3
12057013918,TAMPA,137,3,6.75,2.4147132114583103,4.927007299270073,2,3
12057013919,TAMPA,439,18,20.25,4.521399225099616,4.612756264236902,3,3
12057013920,TAMPA,217,4,6.75,2.032661812410375,3.110599078341014,2,2
12057013921,TAMPA,91,0,2.25,0,2.4725274725274726,1,2
12057013922,TAMPA,541,8,7,1.6306381267765302,1.2939001848428835,1,1
12057013923,TAMPA,427,8,11.75,2.065984137203988,2.7517564402810306,2,2
12057014002,TAMPA,405,10,6.5,2.7227630450188354,1.6049382716049383,2,1
12057014003,TAMPA,17,0,0.25,0,1.4705882352941178,1,1
12057014007,TAMPA,606,70,22.25,12.737678601697029,3.6716171617161715,4,3
12057014008,TAMPA,478,0,0.5,0,0.10460251046025104,1,1
12057014009,TAMPA,540,17,1.75,3.471522882399016,0.32407407407407407,3,1
12057014010,TAMPA,191,1,1.75,0.5773398079751981,0.9162303664921466,1,1
12057014011,TAMPA,334,0,3,0,0.8982035928143712,1,1
12057014012,TAMPA,188,0,0.25,0,0.13297872340425532,1,1
12057014013,TAMPA,153,5,9.25,3.603656971348459,6.045751633986928,3,4
12057014014,TAMPA,559,0,0.5,0,0.08944543828264759,1,1
12057014015,TAMPA,81,0,0.5,0,0.6172839506172839,1,1
12057014016,TAMPA,10,0,0,0,0,1,1
12057014104,TAMPA,134,6,9,4.937547909996844,6.7164179104477615,3,4
12057014106,TAMPA,293,10,13,3.7635461885072643,4.436860068259386,3,3
12057014108,TAMPA,875,34,35.25,4.28485110056107,4.0285714285714285,3,3
12057014109,TAMPA,296,31,24.5,11.548746631828203,8.277027027027026,4,4
12057014117,TAMPA,237,3,6.25,1.3958468775096564,2.6371308016877637,1,2
12057014118,TAMPA,199,4,3.75,2.2165206698143285,1.8844221105527639,2,1
12057014119,TAMPA,287,12,16.75,4.610671915955241,5.83623693379791,3,4
12057014121,TAMPA,370,8,12.5,2.384257369151629,3.3783783783783785,2,2
12057014122,TAMPA,530,31,38.5,6.449866043436129,7.264150943396227,4,4
12057980400,TAMPA,7,4,5.25,63.012516184721626,75,4,4
12103020101,TAMPA,913,58,77.75,7.005224964676062,8.515881708652794,4,4
12103020105,TAMPA,497,10,23.25,2.218750569884564,4.678068410462776,2,3
12103020106,TAMPA,110,1,2.75,1.0024718483932986,2.5,1,2
12103020107,TAMPA,112,0,1,0,0.8928571428571429,1,1
12103020108,TAMPA,220,1,1.5,0.5012359241966493,0.6818181818181818,1,1
12103020201,TAMPA,308,6,24,2.1481539608427824,7.792207792207792,2,4
12103020202,TAMPA,197,5,7.5,2.7987792721640314,3.8071065989847717,2,3
12103020206,TAMPA,1424,15,57.25,1.1615720153433586,4.020365168539326,1,3
12103020207,TAMPA,603,33,18.75,6.034780778885032,3.109452736318408,4,2
12103020208,TAMPA,555,37,68,7.351460221550856,12.252252252252251,4,4
12103020209,TAMPA,559,52,48.75,10.257851471931428,8.720930232558139,4,4
12103020301,TAMPA,364,16,31.25,4.847116629593971,8.585164835164836,3,4
12103020302,TAMPA,688,11,16.5,1.763068221738214,2.3982558139534884,2,2
12103020400,TAMPA,388,7,15.75,1.9894415548011337,4.059278350515464,2,3
12103020500,TAMPA,981,76,134,8.542981297215062,13.659531090723751,4,4
12103020600,TAMPA,460,44,65.75,10.547747274399054,14.293478260869565,4,4
12103020700,TAMPA,486,28,59,6.353113771710617,12.139917695473251,4,4
12103020800,TAMPA,964,60,108.25,6.863396472402251,11.229253112033195,4,4
12103021200,TAMPA,446,84,122.75,20.768699280614527,27.522421524663677,4,4
12103021500,TAMPA,1330,35,33.75,2.9018921927174435,2.537593984962406,2,2
12103021600,TAMPA,1146,24,32.25,2.3093592319007925,2.8141361256544504,2,2
12103021800,TAMPA,547,34,25.5,6.854195087734802,4.661791590493602,4,3
12103021900,TAMPA,621,30,41.5,5.32714508808033,6.6827697262479875,4,4
12103022000,TAMPA,378,24,37.75,7.001390687191291,9.986772486772487,4,4
12103022100,TAMPA,777,25,44.25,3.5480020374280192,5.694980694980695,3,3
12103022200,TAMPA,748,19,29.5,2.801024282275393,3.943850267379679,2,3
12103022301,TAMPA,340,5,8.5,1.6216456371068066,2.5,1,2
12103022302,TAMPA,639,6,10.25,1.0354169326127967,1.6040688575899844,1,1
12103022401,TAMPA,205,2,5.25,1.075823447056223,2.5609756097560976,1,2
12103022402,TAMPA,173,9,6.25,5.736688612192865,3.61271676300578,4,3
12103022501,TAMPA,911,12,24.5,1.4525387924030233,2.689352360043908,1,2
12103022502,TAMPA,323,37,22.25,12.631766015358282,6.8885448916408665,4,4
12103022503,TAMPA,400,6,8.5,1.6540785498489425,2.125,1,1
12103022601,TAMPA,277,5,7.75,1.9904675690119646,2.7978339350180503,2,2
12103022602,TAMPA,261,4,8.5,1.6899908555289325,3.256704980842912,1,2
12103022700,TAMPA,473,16,14.5,3.7301278079750646,3.06553911205074,3,2
12103022801,TAMPA,561,32,36.75,6.290019440899128,6.550802139037433,4,4
12103022802,TAMPA,205,4,3.75,2.151646894112446,1.829268292682927,2,1
12103022901,TAMPA,462,11,21.5,2.6255215076967344,4.653679653679654,2,3
12103022902,TAMPA,428,18,25,4.637603410791428,5.841121495327103,3,4
12103023000,TAMPA,222,17,17.25,8.444244849078686,7.77027027027027,4,4
12103023100,TAMPA,493,16,16.5,3.578804164649504,3.3468559837728193,3,2
12103023200,TAMPA,369,4,10,1.1953593856180253,2.710027100271003,1,2
12103023300,TAMPA,502,8,25.25,1.7573211684982126,5.02988047808765,2,3
12103023400,TAMPA,479,10,22.25,2.302127418022189,4.645093945720251,2,3
12103023500,TAMPA,1060,21,38.25,2.1846320469703016,3.608490566037736,2,3
12103023600,TAMPA,1204,13,18.25,1.1906434744206122,1.51578073089701,1,1
12103023700,TAMPA,254,4,3.75,1.7365654066655567,1.4763779527559056,2,1
12103023800,TAMPA,188,8,4.75,4.692421418011185,2.526595744680851,3,2
12103023900,TAMPA,396,2,9.5,0.5569288046629437,2.398989898989899,1,2
12103024001,TAMPA,389,1,3,0.2834753298798531,0.7712082262210797,1,1
12103024002,TAMPA,309,4,4.75,1.4274680041846322,1.5372168284789645,1,1
12103024004,TAMPA,427,4,2,1.032992068601994,0.468384074941452,1,1
12103024005,TAMPA,173,3,4.25,1.9122295373976217,2.4566473988439306,2,2
12103024100,TAMPA,834,15,28,1.983307613727749,3.357314148681055,2,2
12103024200,TAMPA,486,12,17.25,2.7227630450188354,3.549382716049383,2,2
12103024301,TAMPA,471,11,9.5,2.57535230691272,2.0169851380042463,2,1
12103024302,TAMPA,390,22,11.25,6.220466341312263,2.8846153846153846,4,2
12103024403,TAMPA,844,14,28.75,1.829154794461706,3.406398104265403,2,2
12103024406,TAMPA,2324,69,84.25,3.273993687308578,3.6252151462994835,3,3
12103024408,TAMPA,983,43,85.25,4.823694651984031,8.672431332655137,3,4
12103024409,TAMPA,85,0,1.25,0,1.4705882352941178,1,1
12103024410,TAMPA,866,45,59.5,5.730064260446683,6.87066974595843,4,4
12103024411,TAMPA,466,10,25,2.3663498567223784,5.364806866952789,2,3
12103024412,TAMPA,1758,75,47.5,4.7044327356340805,2.70193401592719,3,2
12103024413,TAMPA,843,6,13,0.7848534044360345,1.5421115065243178,1,1
12103024505,TAMPA,712,75,48.25,11.615720153433585,6.776685393258427,4,4
12103024507,TAMPA,530,4,4.5,0.8322407797982102,0.8490566037735849,1,1
12103024508,TAMPA,1182,38,80,3.5451204114077735,6.768189509306261,3,4
12103024509,TAMPA,600,5,7.25,0.918932527693857,1.2083333333333333,1,1
12103024510,TAMPA,543,12,30.5,2.4369481397406156,5.616942909760589,2,3
12103024511,TAMPA,3694,77,69,2.298575136949442,1.8678938819707633,2,1
12103024512,TAMPA,148,14,15,10.431125990038378,10.135135135135135,4,4
12103024513,TAMPA,495,29,15.25,6.460374134090147,3.080808080808081,4,2
12103024514,TAMPA,1326,46,61,3.825420477277595,4.600301659125188,3,3
12103024601,TAMPA,571,43,68.75,8.304188866725573,12.040280210157619,4,4
12103024602,TAMPA,932,73,125,8.637176977036683,13.412017167381974,4,4
12103024701,TAMPA,630,19,34.5,3.3256605764158635,5.476190476190476,3,3
12103024702,TAMPA,391,43,34.75,12.127089112276987,8.887468030690536,4,4
12103024703,TAMPA,623,39,42.25,6.903056548326245,6.781701444622793,4,4
12103024801,TAMPA,343,14,9.25,4.500894013194402,2.696793002915452,3,2
12103024803,TAMPA,340,99,46.25,32.10858361471477,13.602941176470589,4,4
12103024804,TAMPA,396,18,27.25,5.012359241966493,6.8813131313131315,3,4
12103024805,TAMPA,172,13,31.25,8.334504320944285,18.16860465116279,4,4
12103024901,TAMPA,803,28,33,3.845097500686625,4.109589041095891,3,3
12103024902,TAMPA,1206,67,73.5,6.12621685129238,6.0945273631840795,4,4
12103024904,TAMPA,442,9,14,2.2453554975325014,3.167420814479638,2,2
12103024905,TAMPA,754,13,25.5,1.9012397124700489,3.381962864721485,2,2
12103024906,TAMPA,837,15,17,1.9761989842878647,2.031063321385902,2,1
12103025004,TAMPA,944,22,31,2.5698960520251934,3.2838983050847457,2,2
12103025007,TAMPA,356,12,17.75,3.7170304490987474,4.985955056179775,3,3
12103025009,TAMPA,754,16,26,2.339987338424676,3.4482758620689653,2,2
12103025010,TAMPA,350,27,23,8.50668968493742,6.571428571428571,4,4
12103025011,TAMPA,114,4,5,3.869189590289924,4.385964912280702,3,3
12103025012,TAMPA,562,11,13,2.1583468621990947,2.3131672597864767,2,2
12103025013,TAMPA,246,13,13,5.8273770048878735,5.284552845528455,4,3
12103025014,TAMPA,354,10,13.25,3.1150255176062953,3.7429378531073447,3,3
12103025015,TAMPA,253,1,1,0.43585732538839067,0.3952569169960474,1,1
12103025016,TAMPA,205,2,2,1.075823447056223,0.975609756097561,1,1
12103025017,TAMPA,312,22,20.75,7.775582926640329,6.6506410256410255,4,4
12103025018,TAMPA,315,16,29,5.601112549753033,9.206349206349206,4,4
12103025019,TAMPA,384,11,24,3.1588305639476335,6.25,3,4
12103025106,TAMPA,381,6,7.5,1.7365654066655567,1.968503937007874,2,1
12103025107,TAMPA,325,4,8.25,1.357192656286312,2.5384615384615383,1,2
12103025108,TAMPA,153,5,5.75,3.603656971348459,3.758169934640523,3,3
12103025109,TAMPA,833,7,18.25,0.926654649775318,2.1908763505402162,1,1
12103025110,TAMPA,379,14,25,4.07336846048992,6.596306068601583,3,4
12103025111,TAMPA,669,6,2.75,0.9889856800292632,0.4110612855007474,1,1
12103025112,TAMPA,390,5,7.75,1.4137423502982418,1.9871794871794872,1,1
12103025113,TAMPA,138,2,2.5,1.598143526424099,1.8115942028985508,1,1
12103025114,TAMPA,308,14,20.75,5.012359241966493,6.737012987012987,3,4
12103025115,TAMPA,870,8,13.25,1.0139945133173596,1.5229885057471264,1,1
12103025116,TAMPA,216,4,3.25,2.0420722837641265,1.5046296296296295,2,1
12103025119,TAMPA,252,10,14.75,4.375869179494558,5.853174603174603,3,4
12103025120,TAMPA,63,2,2.25,3.5006953435956456,3.5714285714285716,3,2
12103025121,TAMPA,267,9,4,3.7170304490987474,1.4981273408239701,3,1
12103025122,TAMPA,218,5,5.5,2.5291720945702485,2.522935779816514,2,2
12103025123,TAMPA,57,3,1.75,5.803784385434887,3.0701754385964914,4,2
12103025203,TAMPA,860,6,7.25,0.7693388603948571,0.8430232558139535,1,1
12103025204,TAMPA,502,23,14,5.052298359432362,2.7888446215139444,3,2
12103025205,TAMPA,125,6,3.75,5.293051359516617,3,4,2
12103025207,TAMPA,979,38,38,4.280216880780376,3.881511746680286,3,3
12103025208,TAMPA,204,4,2,2.1621941828090754,0.9803921568627451,2,1
12103025209,TAMPA,1053,31,41.75,3.246371322907073,3.9648622981956314,3,3
12103025303,TAMPA,1085,19,39,1.9310287217898563,3.5944700460829493,2,3
12103025304,TAMPA,466,12,23.25,2.8396198280668545,4.989270386266094,2,3
12103025305,TAMPA,749,61,43.25,8.980755811373877,5.7743658210947935,4,4
12103025306,TAMPA,88,4,2.75,5.012359241966493,3.125,3,2
12103025307,TAMPA,528,19,31.25,3.968117733223474,5.918560606060606,3,4
12103025308,TAMPA,251,14,29.25,6.1506240897437445,11.653386454183266,4,4
12103025401,TAMPA,570,15,20.5,2.9018921927174435,3.5964912280701755,2,3
12103025405,TAMPA,1073,61,49.5,6.268952565441784,4.613233923578751,4,3
12103025407,TAMPA,954,23,30,2.6585469354665046,3.1446540880503147,2,2
12103025408,TAMPA,1150,52,90,4.986207802443189,7.826086956521739,3,4
12103025411,TAMPA,395,10,17.75,2.791693755019313,4.493670886075949,2,3
12103025412,TAMPA,712,30,34.75,4.6462880613734345,4.88061797752809,3,3
12103025413,TAMPA,346,15,35.25,4.780573843494054,10.1878612716763,3,4
12103025414,TAMPA,368,12,25.5,3.595822934454223,6.929347826086956,3,4
12103025415,TAMPA,878,11,12.5,1.3815386521137716,1.4236902050113895,1,1
12103025416,TAMPA,686,18,27.75,2.8934318656249727,4.045189504373178,2,3
12103025417,TAMPA,167,4,9,2.6412431933715648,5.389221556886228,2,3
12103025501,TAMPA,211,5,8.25,2.6130782778024373,3.909952606635071,2,3
12103025503,TAMPA,1146,6,13.75,0.5773398079751981,1.199825479930192,1,1
12103025505,TAMPA,865,25,58.75,3.187049228996036,6.791907514450867,3,4
12103025506,TAMPA,1161,24,40,2.2795225493180946,3.4453057708871664,2,2
12103025602,TAMPA,675,43,57.75,7.0247286561485955,8.555555555555555,4,4
12103025603,TAMPA,547,8,20,1.6127517853493651,3.656307129798903,1,3
12103025604,TAMPA,223,5,8,2.4724642000731576,3.587443946188341,2,2
12103025700,TAMPA,198,2,3,1.1138576093258874,1.5151515151515151,1,1
12103025800,TAMPA,786,57,44.25,7.996817416572496,5.629770992366412,4,3
12103025900,TAMPA,2005,78,98.75,4.289879530780301,4.925187032418953,3,3
12103026001,TAMPA,301,4,3.25,1.4654073531330611,1.079734219269103,1,1
12103026002,TAMPA,268,5,8.25,2.0573116291653517,3.078358208955224,2,2
12103026101,TAMPA,375,12,24.5,3.5287009063444112,6.533333333333333,3,4
12103026102,TAMPA,281,6,12,2.3545602133081034,4.270462633451957,2,3
12103026200,TAMPA,487,20,40.5,4.528620259682252,8.316221765913758,3,4
12103026300,TAMPA,1487,39,56.25,2.8921346534009755,3.7827841291190314,2,3
12103026400,TAMPA,1337,73,70.75,6.020829426027067,5.291697830964846,4,3
12103026500,TAMPA,817,23,20,3.104349787558195,2.4479804161566707,3,2
12103026601,TAMPA,364,27,23.5,8.179509312439826,6.456043956043956,4,4
12103026602,TAMPA,389,10,18.5,2.834753298798531,4.755784061696658,2,3
12103026701,TAMPA,640,15,25,2.584497734138973,3.90625,2,3
12103026702,TAMPA,1241,21,46.75,1.8660031988626269,3.767123287671233,2,3
12103026703,TAMPA,1680,31,53,2.0347791684649694,3.1547619047619047,2,2
12103026804,TAMPA,727,38,16.5,5.763868399290217,2.269601100412655,4,1
12103026809,TAMPA,523,8,8.25,1.6867595154609996,1.5774378585086042,1,1
12103026811,TAMPA,214,4,4,2.0611570714628566,1.8691588785046729,2,1
12103026812,TAMPA,458,20,15.25,4.815366957347723,3.3296943231441047,3,2
12103026813,TAMPA,486,2,24.25,0.4537938408364726,4.989711934156379,1,3
12103026814,TAMPA,94,1,1.75,1.1731053545027963,1.8617021276595744,1,1
12103026815,TAMPA,103,9,4.25,9.635409028246267,4.12621359223301,4,3
12103026816,TAMPA,699,9,10.25,1.4198099140334273,1.4663805436337625,1,1
12103026817,TAMPA,510,9,10.75,1.9459747645281678,2.107843137254902,2,1
12103026818,TAMPA,1169,100,79.25,9.433011404898448,6.779298545765611,4,4
12103026819,TAMPA,573,12,25.25,2.3093592319007925,4.406631762652705,2,3
12103026820,TAMPA,571,9,16,1.7380860418727944,2.8021015761821366,2,2
12103026821,TAMPA,303,2,3.5,0.7278673486684016,1.155115511551155,1,1
12103026904,TAMPA,867,18,20.5,2.2893820759154915,2.364475201845444,2,2
12103026907,TAMPA,898,27,17.5,3.3155249328820675,1.9487750556792873,3,1
12103026908,TAMPA,191,1,2,0.5773398079751981,1.0471204188481675,1,1
12103026909,TAMPA,955,9,4.75,1.0392116543553567,0.4973821989528796,1,1
12103026910,TAMPA,693,9,19.25,1.432102640561855,2.7777777777777777,1,2
12103026911,TAMPA,315,5,2.25,1.7503476717978228,0.7142857142857143,2,1
12103026912,TAMPA,645,36,31.25,6.154710883158857,4.844961240310077,4,3
12103026913,TAMPA,434,2,3.25,0.5081654531025938,0.7488479262672811,1,1
12103027000,TAMPA,1049,9,28.5,0.9460887797038757,2.7168732125834127,1,2
12103027101,TAMPA,1281,9,19,0.7747440514514954,1.483216237314598,1,1
12103027105,TAMPA,323,4,7.5,1.3655963259846793,2.321981424148607,1,2
12103027106,TAMPA,473,2,4.25,0.4662659759968831,0.8985200845665962,1,1
12103027202,TAMPA,444,6,5.25,1.490160855719768,1.1824324324324325,1,1
12103027204,TAMPA,360,5,7,1.531554212823095,1.9444444444444444,1,1
12103027205,TAMPA,1419,31,24,2.409040875983896,1.6913319238900635,2,1
12103027206,TAMPA,395,6,5.5,1.6750162530115875,1.3924050632911393,1,1
12103027207,TAMPA,589,4,9.5,0.7488754045722433,1.6129032258064515,1,1
12103027208,TAMPA,335,3,7.5,0.9875095819993688,2.2388059701492535,1,1
12103027209,TAMPA,391,1,3.75,0.2820253281924881,0.959079283887468,1,1
12103027210,TAMPA,449,5,4.75,1.2279721973637288,1.0579064587973275,1,1
12103027308,TAMPA,476,6,41.75,1.389981974662977,8.771008403361344,1,4
12103027309,TAMPA,29,0,1.5,0,5.172413793103448,1,3
12103027310,TAMPA,200,4,3.25,2.205438066465257,1.625,2,1
12103027314,TAMPA,935,6,5.5,0.7076271871011519,0.5882352941176471,1,1
12103027315,TAMPA,1252,1,3,0.08807660009845275,0.23961661341853036,1,1
12103027316,TAMPA,275,3,5.75,1.2029662180719582,2.090909090909091,1,1
12103027317,TAMPA,920,30,22.5,3.595822934454223,2.4456521739130435,3,2
12103027318,TAMPA,387,6,7.75,1.7096419119885713,2.0025839793281652,2,1
12103027319,TAMPA,716,27,32.25,4.158298030346504,4.504189944134078,3,3
12103027320,TAMPA,420,4,11.5,1.0502086030786937,2.738095238095238,1,2
12103027321,TAMPA,77,2,0.5,2.86420528112371,0.6493506493506493,2,1
12103027322,TAMPA,852,10,11.75,1.294271165765996,1.3791079812206573,1,1
12103027323,TAMPA,787,3,12.5,0.4203503303300998,1.5883100381194408,1,1
12103027324,TAMPA,151,2,1.75,1.4605550109041436,1.1589403973509933,1,1
12103027325,TAMPA,121,1,1,0.9113380439939078,0.8264462809917356,1,1
12103027326,TAMPA,703,4,5.75,0.6274361497767446,0.817923186344239,1,1
12103027327,TAMPA,529,8,7.75,1.6676280275729731,1.4650283553875236,1,1
12103027401,TAMPA,361,23,17.5,7.025633729736968,4.847645429362881,4,3
12103027402,TAMPA,1260,28,42,2.4504867405169524,3.3333333333333335,2,2
12103027403,TAMPA,145,8,4.5,6.083967079904157,3.103448275862069,4,2
12103027501,TAMPA,211,16,11,8.361850488967798,5.213270142180095,4,3
12103027502,TAMPA,666,18,12.25,2.980321711439536,1.8393393393393394,2,1
12103027603,TAMPA,497,5,6.5,1.109375284942282,1.3078470824949697,1,1
12103027604,TAMPA,237,3,1.75,1.3958468775096564,0.7383966244725738,1,1
12103027605,TAMPA,98,1,1.5,1.1252235032986004,1.530612244897959,1,1
12103027606,TAMPA,355,2,4.75,0.621250159567678,1.3380281690140845,1,1
12103027701,TAMPA,376,2,3.25,0.5865526772513981,0.8643617021276596,1,1
12103027703,TAMPA,86,1,1.75,1.2822314339914285,2.0348837209302326,1,1
12103027704,TAMPA,454,5,4.25,1.2144482744852736,0.9361233480176211,1,1
12103027801,TAMPA,311,9,15,3.1911483276828476,4.823151125401929,3,3
12103027802,TAMPA,372,9,15.25,2.667868628788617,4.099462365591398,2,3
12103027901,TAMPA,393,10,9.5,2.8059008479201744,2.4173027989821882,2,2
12103027903,TAMPA,165,2,0.75,1.3366291311910647,0.45454545454545453,1,1
12103027904,TAMPA,397,6,9.75,1.6665778839787835,2.455919395465995,1,2
12103028002,TAMPA,336,5,6.25,1.6409509423104591,1.8601190476190477,1,1
12103028003,TAMPA,684,13,14.5,2.095811028073709,2.1198830409356724,2,1
12103028004,TAMPA,384,10,7.75,2.871664149043303,2.0182291666666665,2,1
12103028102,TAMPA,488,7,3.5,1.581769105046803,0.7172131147540983,1,1
12103028103,TAMPA,474,3,3.5,0.6979234387548282,0.7383966244725738,1,1
12103028104,TAMPA,777,1,7.25,0.14192008149712076,0.9330759330759331,1,1
12103028200,TAMPA,299,3,2.75,1.1064070567551456,0.919732441471572,1,1
12103028300,TAMPA,562,14,19.75,2.7469869155261204,3.51423487544484,2,2
12103028401,TAMPA,181,0,1.75,0,0.9668508287292817,1,1
12103028402,TAMPA,319,6,6,2.0740796863309625,1.8808777429467085,2,1
12103028500,TAMPA,403,11,11.75,3.0099030683769015,2.9156327543424316,3,2
12103028600,TAMPA,1706,47,47.25,3.0379715452481557,2.769636576787808,3,2
12103028700,TAMPA,636,36,59.5,6.2418058484865755,9.355345911949685,4,4
